question,context,response,is_hallucination,hallucination_type
암보험 가입 시 가족력은 어떤 영향을 미치나요?,"가족력은 보험 가입 심사에서 중요한 요인으로 평가되며, 암 발생 위험도를 높게 평가받을 수 있습니다. 가족력이 있을 경우 보험료가 할증되거나 가입 조건에 제한이 있을 수 있습니다.",가족력은 암 발생 위험 평가에 영향을 미쳐 보험료 할증이나 가입 제한이 발생할 수 있습니다. 정확한 고지로 계약 유지에 유리한 조건을 확보할 수 있습니다.,False,
암보험의 “계약 전 알릴 의무”는 구체적으로 어떤 항목을 포함하나요?,"계약 전 알릴 의무는 피보험자의 건강 상태, 기존 병력, 치료 이력, 직업 및 위험 활동 등을 포함합니다. 이 의무를 위반할 경우 계약 해지 또는 보험금 지급 거절 등의 불이익이 있을 수 있습니다.","계약 전 알릴 의무는 건강 상태, 병력, 치료 이력, 직업 등을 포함합니다. 의무 위반 시 계약 해지나 보험금 지급 거절의 불이익이 발생할 수 있습니다.",False,
암보험의 특약 가입 시 보험료는 어떻게 달라지나요?,특약 가입 시 보험료는 선택한 특약의 보장 범위와 한도에 따라 추가로 부과됩니다. 특약이 많을수록 보험료가 높아질 가능성이 있습니다.,"특약 가입은 보험료를 증가시키며, 보장 범위와 한도에 따라 비용이 결정됩니다. 특약 선택 시 보험료 부담을 고려해야 합니다.",False,
특정 암이 아닌 희귀암 진단 시에도 보장이 되나요?,"희귀암은 약관에 명시된 조건에 따라 보장이 이루어지며, 특약을 통해 추가 보장을 받을 수 있습니다. 보장 여부는 계약 당시 선택한 상품 및 특약에 따라 다릅니다.","희귀암은 약관 조건에 따라 보장되며, 특약 가입 시 보장이 확대될 수 있습니다. 가입 시 보장 조건을 확인하는 것이 중요합니다.",False,
암보험의 가입 연령 제한은 몇 세까지인가요?,"암보험의 가입 연령 제한은 보험사별로 상이하며, 일반적으로 만 60세에서 70세까지로 설정됩니다. 가입 가능 연령은 약관에 명시되어 있습니다.",암보험 가입 연령 제한은 보통 만 60세에서 70세 사이로 설정됩니다. 정확한 연령 제한은 약관에서 확인 가능합니다.,False,
암보험의 면책 기간 중 발생한 암은 보장받을 수 없는 이유는?,면책 기간은 보험 가입 초기에 발생할 수 있는 도덕적 해이를 방지하기 위해 설정됩니다. 이 기간 동안 발생한 암은 보장에서 제외됩니다.,"면책 기간은 도덕적 해이를 방지하기 위해 설정되며, 이 기간 중 발생한 암은 보장되지 않습니다. 가입 초기 위험 관리를 위한 조치입니다.",False,
암보험의 “감액 지급 조건”은 계약자의 어떤 행동에 의해 영향을 받나요?,감액 지급 조건은 계약 초기에 발생하는 보험금 청구 시 적용됩니다. 계약자가 약관에 명시된 대로 보험료를 납부하지 않거나 고지 의무를 위반한 경우 영향을 받을 수 있습니다.,감액 지급 조건은 계약 초기에 보험금 청구가 발생할 때 적용됩니다. 고지 의무 위반 또는 보험료 미납은 영향을 미칠 수 있습니다.,False,
암보험에서 보장하지 않는 암 치료법은 무엇인가요?,보장되지 않는 치료법은 약관에 명시된 비급여 치료나 실험적 치료 등이 포함됩니다. 각 보험사의 약관에 따라 보장 여부가 달라질 수 있습니다.,암보험은 비급여 치료나 실험적 치료를 보장하지 않을 수 있습니다. 보장 여부는 약관에서 확인 가능합니다.,False,
암보험 가입 후 특약을 추가하려면 어떻게 해야 하나요?,"특약 추가는 보험사에 신청하여 승인을 받아야 하며, 추가 심사나 보험료 조정이 필요할 수 있습니다. 특약 추가 가능 여부는 약관에 명시되어 있습니다.","특약 추가를 위해 보험사에 신청해야 하며, 승인이 필요합니다. 추가 심사 및 보험료 조정이 이루어질 수 있습니다.",False,
암보험에서 “보장 개시일”과 “보험 증권 발급일”의 차이는 무엇인가요?,"보장 개시일은 면책 기간 이후 보장이 시작되는 날이며, 보험 증권 발급일은 계약이 성립된 날짜를 의미합니다. 이 두 날짜는 서로 다를 수 있습니다.","보장 개시일은 면책 기간 이후 보장이 시작되는 날이며, 보험 증권 발급일은 계약 성립일을 의미합니다. 두 날짜는 다를 수 있으므로 약관을 확인하세요.",False,
암보험의 “보험 수익자” 지정 방법은 무엇인가요?,"보험 수익자는 계약자가 지정하며, 지정된 수익자에게 보험금이 지급됩니다. 수익자는 계약 체결 시 또는 이후에 변경할 수 있으며, 변경 시 서면 신청이 필요합니다.","보험 수익자는 계약자가 지정하며, 변경 시 서면 신청이 필요합니다. 지정된 수익자에게 보험금이 지급됩니다.",False,
암보험 가입 시 전자 서명으로도 계약이 가능한가요?,전자 서명은 암보험 계약 체결 시 유효한 법적 서명으로 인정됩니다. 보험사는 전자 서명을 통한 계약 절차를 제공할 수 있습니다.,암보험은 전자 서명을 통해 계약 체결이 가능합니다. 전자 서명은 법적으로 유효합니다.,False,
암보험 가입자의 개인정보는 어떤 방식으로 보호되나요?,암보험 가입자의 개인정보는 개인정보 보호법에 따라 암호화 및 접근 통제로 보호됩니다. 보험사는 내부 규정을 통해 개인정보 유출을 방지합니다.,가입자의 개인정보는 암호화 및 접근 통제를 통해 보호됩니다. 보험사는 개인정보 보호법에 따라 관리를 강화합니다.,False,
암보험 해지 후 재가입 시 불이익이 발생할 수 있나요?,"해지 후 재가입 시 건강 상태 평가가 다시 이루어질 수 있으며, 보험료가 할증될 가능성이 있습니다. 기존 가입 조건이 유지되지 않을 수 있습니다.",해지 후 재가입 시 건강 심사와 보험료 할증이 발생할 수 있습니다. 기존 조건이 유지되지 않을 수 있습니다.,False,
암보험 가입 시 설계사가 제공해야 하는 설명 의무는 무엇인가요?,"설계사는 약관, 보험료, 보장 내용 및 주요 조건을 계약자에게 명확히 설명해야 합니다. 설명 의무를 다하지 않을 경우 계약자가 계약을 철회할 수 있습니다.","설계사는 약관, 보장 내용 및 주요 조건을 명확히 설명해야 합니다. 설명 의무 미이행 시 계약 철회가 가능합니다.",False,
암보험 약관에 명시된 “고액암”과 일반 암의 기준은 무엇인가요?,"고액암은 약관에서 정한 특정 암 유형으로, 일반 암보다 높은 보험금을 지급합니다. 고액암의 범위는 각 보험사의 약관에 따라 다릅니다.","고액암은 특정 암 유형으로, 일반 암보다 높은 보험금을 지급합니다. 범위는 약관에서 확인 가능합니다.",False,
암보험의 대출 기능을 활용할 때 주의해야 할 점은?,"대출 시 해약환급금에서 차감되며, 이자가 부과됩니다. 상환하지 않을 경우 최종 환급금이 줄어들 수 있습니다.","대출은 해약환급금에서 차감되며, 이자가 발생합니다. 상환하지 않으면 최종 환급금이 감소할 수 있습니다.",False,
암보험이 제공하는 “위험 보장”의 정의는 무엇인가요?,"위험 보장은 암 진단, 치료 등 약관에서 정한 보험 사고 발생 시 지급되는 보장을 의미합니다. 특약에 따라 보장의 범위가 확대될 수 있습니다.",위험 보장은 약관에서 정한 보험 사고 발생 시 제공되는 보장입니다. 특약 가입 시 보장이 확대됩니다.,False,
암보험에서 “계약 해지” 후 환급금을 받을 수 없는 경우는?,환급금 미지급형 상품의 경우 해지 시 환급금이 지급되지 않습니다. 초기 해지의 경우 납입 보험료보다 환급금이 적거나 없을 수 있습니다.,환급금 미지급형 상품은 해지 시 환급금이 없습니다. 초기 해지의 경우 환급금이 적거나 없을 수 있습니다.,False,
암보험의 계약 연체 상태에서 계약 복원이 거부될 수 있는 이유는?,"계약 연체 후 복원을 위해 건강 심사가 필요하며, 심사 결과에 따라 복원이 거부될 수 있습니다. 연체 기간이 길거나 약관에 명시된 복원 조건을 충족하지 못할 경우 거부될 수 있습니다.",건강 심사 실패나 약관 조건 미충족 시 복원이 거부될 수 있습니다. 연체 기간이 길 경우 복원이 제한될 수 있습니다.,False,
암보험 약관에서 “보장 한도”는 계약자의 선택에 따라 조정 가능한가요?,"보장 한도는 계약자가 선택한 상품 및 특약에 따라 설정되며, 일부는 조정이 가능합니다. 조정 가능 여부는 약관에서 확인해야 합니다.",보장 한도는 계약자가 선택한 상품 및 특약에 따라 설정됩니다. 조정 가능 여부는 약관을 참고하세요.,False,
암보험 가입 후 기존 보험 계약과 중복 보장이 가능한가요?,중복 보장은 약관에서 정한 범위 내에서 가능합니다. 일부 특약은 중복 보장이 제한될 수 있습니다.,암보험은 약관에서 정한 범위 내에서 중복 보장이 가능합니다. 특약에 따라 제한될 수 있습니다.,False,
암보험 약관에서 “보험료 자동 대출” 기능은 어떤 상황에서 유용한가요?,보험료 자동 대출은 보험료 미납 시 해약환급금에서 자동으로 대출하여 계약을 유지하는 데 유용합니다. 장기적으로 미납 상태를 방지할 수 있습니다.,보험료 미납 시 자동으로 대출하여 계약을 유지할 수 있습니다. 장기 미납 방지에 유용합니다.,False,
암보험 약관에서 자주 사용되는 용어를 쉽게 이해하려면 어떻게 해야 하나요?,약관의 용어 정의 섹션을 참고하거나 고객센터에 문의하여 도움을 받을 수 있습니다. 보험사에서 제공하는 설명 자료나 가이드를 활용하는 것도 도움이 됩니다.,약관의 용어 정의 섹션을 참고하거나 고객센터에 문의하세요. 설명 자료와 가이드를 활용하면 이해를 돕습니다.,False,
암보험 가입자의 건강 상태가 변경되면 보험료가 자동으로 조정되나요?,"건강 상태 변경은 보험료 조정에 영향을 미치지 않으며, 가입 당시 기준이 유지됩니다. 단, 새로운 보장을 추가하거나 변경할 경우 추가 심사가 필요할 수 있습니다.",건강 상태 변경은 기존 보험료에 영향을 미치지 않습니다. 보장 변경 시 추가 심사가 요구될 수 있습니다.,False,
암보험 약관에서 보장 항목에 포함되지 않는 경우는?,"암보험 약관에 따르면, 보장 항목은 약관에 명시된 특정 암 유형 및 보장 조건에 따라 결정됩니다. 예를 들어, 고액암, 유방암, 남녀생식기암 등 특정 암이 명시되어 있으며, 이외의 기타피부암, 제자리암 등은 별도로 정의됩니다. 계약 시 명시되지 않은 암 유형이나 면책 조건에 해당하는 경우 보장에서 제외될 수 있습니다.","암보험 약관에서 보장 항목에 포함되지 않는 경우는 약관에 명시되지 않은 암 유형이나 면책 조건에 해당하는 상황입니다. 예를 들어, 보장 대상 암에 포함되지 않은 피부암이나 특정 질병의 경우 보장되지 않을 수 있습니다.",False,
암보험의 계약자가 사망했을 때 계약이 유지되나요?,"암보험 약관에 따르면, 계약자가 사망한 경우 계약이 유지되기 위해서는 보험수익자 지정 및 보험료 납입이 지속되어야 합니다. 피보험자가 살아 있다면 계약이 유지될 수 있습니다.","암보험의 계약자가 사망했을 때, 피보험자가 살아 있으면 보험료 납입이 지속되는 조건에서 계약은 유지됩니다. 계약자는 사망 전에 보험수익자를 지정해야 합니다.",False,
암보험 약관에서 계약자가 보장 받을 수 없는 상황은?,"암보험 약관에서 계약자가 보장 받을 수 없는 상황은 면책 조건 및 보험금 지급 제외 사유에 해당할 경우입니다. 예를 들어, 고의적인 행위, 계약 체결 시 고지의무 위반, 면책 기간 중 발생한 사고 등이 포함됩니다.","암보험 약관에서 계약자가 보장 받을 수 없는 상황은 고의적 행위, 고지의무 위반, 면책 기간 중 사고 등이 해당됩니다.",False,
암보험 약관에서 “재해 분류표”는 어떤 용도로 사용되나요?,암보험 약관의 재해 분류표는 특정 재해 및 질병의 분류 기준을 명확히 하여 보험금 지급 대상 및 비대상을 구분하는 데 사용됩니다.,암보험 약관에서 '재해 분류표'는 특정 재해와 관련된 보험금 지급 기준을 명확히 하기 위해 사용됩니다.,False,
암보험 약관에서 “장해 분류표”란 무엇인가요?,암보험 약관의 장해 분류표는 장해 발생 시 보험금 지급 기준을 상세히 명시하여 분류 및 적용 기준을 제공합니다.,암보험 약관에서 '장해 분류표'는 장해 발생 시 보험금 지급의 기준과 분류를 명확히 하기 위해 사용됩니다.,False,
암보험 가입 후 보험금 청구가 제한되는 조건은?,"암보험 가입 후 면책 기간 및 감액 지급 기간 중에는 보험금 청구가 제한될 수 있습니다. 면책 기간은 가입 후 90일이며, 감액 지급 기간은 가입 후 1년입니다.",암보험 가입 후 보험금 청구가 제한되는 조건은 면책 기간(가입 후 90일) 및 감액 지급 기간(가입 후 1년)입니다.,False,
암보험에서 보험금을 지급하지 않는 주요 사유는 무엇인가요?,"암보험 약관에서 보험금을 지급하지 않는 주요 사유는 고의적 사고, 범죄행위, 고지의무 위반 및 면책 기간 중 사고 등이 있습니다.","암보험에서 보험금을 지급하지 않는 주요 사유는 고의적 사고, 범죄행위, 고지의무 위반 및 면책 기간 중 사고입니다.",False,
암보험 가입 후 해약이 불가능한 시점은 언제인가요?,"암보험 약관에 따르면, 청약 철회 및 계약 취소가 가능한 기간 이후에는 해약이 불가능할 수 있습니다. 청약 철회는 15일, 계약 취소는 3개월 이내에 가능합니다.",암보험 가입 후 해약이 불가능한 시점은 청약 철회(15일) 및 계약 취소(3개월) 기간 이후입니다.,False,
암보험 약관에서 “특약”이란 무엇을 의미하나요?,"특약은 암보험 주계약 외 추가 보장을 제공하는 선택 항목으로, 계약자가 필요에 따라 선택하여 가입할 수 있습니다.","암보험 약관에서 '특약'이란 주계약 외에 추가 보장을 제공하는 선택 사항으로, 계약자가 추가적으로 가입할 수 있는 항목입니다.",False,
암보험에서 “예금자 보호”란 무엇이며 어떤 한도가 적용되나요?,"암보험은 예금자 보호법에 따라 보호되며, 보장 한도는 계약자당 최대 5천만 원입니다.",암보험에서 '예금자 보호'란 보험 계약자가 파산 등의 경우에도 계약자당 최대 5천만 원까지 보호받을 수 있다는 의미입니다.,False,
암보험 가입자의 주소 변경이 보장에 미치는 영향은?,"주소 변경은 보험회사가 통지받아야 하며, 변경 사실을 통지하지 않을 경우 보험금 지급에 영향을 미칠 수 있습니다.",암보험 가입자의 주소 변경은 보험금 지급이나 중요 통지에 영향을 미칠 수 있으므로 즉시 보험회사에 통지해야 합니다.,False,
암보험 약관에서 “손해 사정”은 어떤 상황에서 이루어지나요?,손해 사정은 보험금 지급과 관련하여 보험사와 계약자 간 분쟁이 있을 때 사실 확인 및 공정한 판단을 위해 이루어집니다.,암보험 약관에서 '손해 사정'은 보험금 지급과 관련한 분쟁 발생 시 사실 확인 및 공정한 판단을 위해 수행됩니다.,False,
암보험 가입 후 보험금을 청구하지 않아도 불이익이 있나요?,"보험금을 청구하지 않아도 계약 유지에는 영향이 없지만, 청구하지 않은 보험금은 청구권 소멸시효(3년) 내에 행사해야 합니다.","암보험 가입 후 보험금을 청구하지 않아도 계약 유지에는 영향이 없으나, 청구권 소멸시효(3년) 내에 청구하지 않을 경우 권리가 소멸됩니다.",False,
암보험 약관에서 보장되지 않는 암의 조건은 무엇인가요?,암보험 약관에서 보장되지 않는 암의 조건은 특정 약관에 명시된 면책 사유나 보장 제외 대상에 해당하는 경우입니다.,암보험 약관에서 보장되지 않는 암의 조건은 약관에 명시된 면책 사유나 보장 제외 대상에 해당하는 경우입니다.,False,
암보험 가입 시 보험료 산정에 영향을 미치는 요소는?,"암보험 가입 시 보험료는 피보험자의 나이, 건강 상태, 보장 금액, 납입 기간 등 다양한 요소에 따라 산정됩니다.","암보험 가입 시 보험료 산정에 영향을 미치는 요소는 나이, 건강 상태, 보장 금액 및 납입 기간입니다.",False,
암보험 가입 후 계약이 자동 갱신되나요?,"암보험 약관에 따라 자동 갱신 여부는 가입 상품의 조건에 따라 다릅니다. 갱신형 상품은 계약 갱신이 가능하지만, 갱신 시 보험료가 변경될 수 있습니다.","암보험 가입 후 계약의 자동 갱신 여부는 상품 조건에 따라 달라지며, 갱신형 상품의 경우 자동 갱신이 가능합니다.",False,
암보험의 “납입 면제”가 적용되는 구체적인 사례는 무엇인가요?,"납입 면제는 암 진단 후 특정 조건(예: 고액암 진단, 장해 발생 등)에 해당하는 경우 보험료 납입 의무가 면제됩니다.",암보험의 '납입 면제'는 암 진단이나 고액암 진단 후 장해가 발생한 경우 등에 적용됩니다.,False,
암보험에서 “피보험자”와 “보험 수익자”의 차이는 무엇인가요?,"피보험자는 보장을 받는 대상이며, 보험 수익자는 보험금을 수령하는 자로, 두 역할이 다를 수 있습니다.","암보험에서 '피보험자'는 보장 대상이고, '보험 수익자'는 보험금을 수령하는 자로, 서로 다를 수 있습니다.",False,
암보험 약관에서 “보험금 지급 기준표”는 어떻게 활용되나요?,보험금 지급 기준표는 보험금 지급 사유별 지급 금액 및 조건을 명확히 안내하기 위해 활용됩니다.,암보험 약관에서 '보험금 지급 기준표'는 보험금 지급 사유와 금액을 명확히 제시하기 위한 기준입니다.,False,
암보험 가입자가 암 외에 다른 질병을 앓고 있으면 보장받을 수 있나요?,"암보험은 암 이외의 질병에 대해 보장하지 않지만, 특약에 가입한 경우 특정 질병 보장이 추가될 수 있습니다.","암보험 가입자가 암 외의 질병을 앓고 있으면 기본적으로 보장되지 않지만, 특약에 가입한 경우 보장이 가능합니다.",False,
암보험의 해지 환급금은 어떤 기준으로 계산되나요?,해지 환급금은 납입한 보험료에서 계약 유지 경비 및 보장 비용을 차감한 금액으로 계산됩니다.,암보험의 해지 환급금은 납입한 보험료에서 계약 유지 경비 및 보장 비용을 차감하여 산정됩니다.,False,
암보험 가입 후 계약 내용을 변경하면 추가 비용이 발생하나요?,"계약 변경 시 보험료 조정 및 추가 납입이 발생할 수 있으며, 이는 변경 사항에 따라 달라집니다.",암보험 가입 후 계약 내용을 변경하면 추가 비용이 발생할 수 있습니다.,False,
암보험 약관에서 “계약의 부활”은 언제 가능한가요?,"계약의 부활은 보험료 납입 연체로 해지된 계약을 3년 이내에 청약하여 부활시키는 것으로, 건강 상태 심사를 거칠 수 있습니다.",암보험 약관에서 '계약의 부활'은 해지된 계약을 3년 이내에 재청약하여 효력을 회복시키는 것을 의미합니다.,False,
암보험 약관에서 “전문 금융 소비자”란 무엇인가요?,"전문 금융 소비자는 고도의 금융 지식을 보유한 계약자를 의미하며, 일반 소비자와 달리 청약 철회 및 계약 취소 권한이 제한될 수 있습니다.","암보험 약관에서 '전문 금융 소비자'란 고도의 금융 지식을 보유한 계약자로, 일반 소비자와 다른 권한이 적용됩니다.",False,
암보험 약관에 명시된 “보장 제외 조건”은 무엇인가요?,"보장 제외 조건은 고의적 사고, 범죄행위, 면책 기간 중 발생한 사고, 약관에서 명시된 면책 사유에 해당하는 경우입니다.","암보험 약관에 명시된 '보장 제외 조건'은 고의적 사고, 범죄행위, 면책 기간 중 사고 등이 포함됩니다.",False,
암보험 가입자가 여러 개의 보험에 중복 가입할 경우 보장은 어떻게 되나요?,"암보험 약관에서는 계약자가 여러 개의 보험에 중복 가입한 경우 각각의 보험 약관에 따라 독립적으로 보장을 받을 수 있습니다. 단, 중복 보장이 제한되는 경우도 있으므로 약관을 확인해야 합니다.",가족력은 암 발생 위험 평가에 영향을 미쳐 보험료 할증이나 가입 제한이 발생할 수 있습니다. 정확한 고지로 계약 유지에 유리한 조건을 확보할 수 있습니다.,True,5.0
암보험 약관에서 보장 제외 기간은 어떻게 설정되나요?,"암보험 약관에 따르면, 보장 제외 기간은 보험 가입 후 90일 동안 적용되는 면책 기간으로 설정됩니다. 이 기간 동안 발생한 암 진단에 대해서는 보장이 제외됩니다.","계약 전 알릴 의무는 건강 상태, 병력, 치료 이력, 직업 등을 포함합니다. 의무 위반 시 계약 해지나 보험금 지급 거절의 불이익이 발생할 수 있습니다.",True,5.0
암보험 가입 후 특정 기간 동안 보험금을 청구할 수 없는 이유는?,"특정 기간 동안 보험금을 청구할 수 없는 이유는 면책 기간과 감액 지급 기간에 따른 제한 조건 때문입니다. 면책 기간은 가입 후 90일, 감액 지급 기간은 1년입니다.","특약 가입은 보험료를 증가시키며, 보장 범위와 한도에 따라 비용이 결정됩니다. 특약 선택 시 보험료 부담을 고려해야 합니다.",True,5.0
암보험 약관에서 “청약 철회권”의 조건은 무엇인가요?,"청약 철회권은 보험증권을 받은 날로부터 15일 이내에 행사할 수 있으며, 만 65세 이상 계약자 및 전화로 체결한 계약의 경우 45일 이내에 가능합니다.","희귀암은 약관 조건에 따라 보장되며, 특약 가입 시 보장이 확대될 수 있습니다. 가입 시 보장 조건을 확인하는 것이 중요합니다.",True,5.0
암보험 약관에서 “보험료 연체” 시 발생하는 결과는 무엇인가요?,"보험료 연체 시 보험사는 납입 최고(독촉)를 발송하며, 최고 기간 내에 납입하지 않을 경우 계약이 해지됩니다. 최고 기간은 최소 14일 이상입니다.",암보험 가입 연령 제한은 보통 만 60세에서 70세 사이로 설정됩니다. 정확한 연령 제한은 약관에서 확인 가능합니다.,True,5.0
암보험에서 보장 받으려면 반드시 가입해야 하는 특약은 무엇인가요?,"보장을 받으려면 반드시 가입해야 하는 특약은 약관에서 필수로 지정한 보장 조건에 따라 다르며, 기본 보장은 주계약에 포함됩니다.","면책 기간은 도덕적 해이를 방지하기 위해 설정되며, 이 기간 중 발생한 암은 보장되지 않습니다. 가입 초기 위험 관리를 위한 조치입니다.",True,5.0
암보험 약관에서 계약자가 보험료를 납입하지 못하면 어떻게 되나요?,"보험료를 납입하지 못할 경우 납입 최고 기간 내에 납입해야 하며, 그렇지 않을 경우 계약이 해지될 수 있습니다. 해지된 계약은 일정 조건 하에 부활 가능합니다.",감액 지급 조건은 계약 초기에 보험금 청구가 발생할 때 적용됩니다. 고지 의무 위반 또는 보험료 미납은 영향을 미칠 수 있습니다.,True,5.0
암보험 가입 후 계약을 해지하면 불이익이 발생하나요?,"계약을 해지하면 해약 환급금이 지급될 수 있으나, 납입 기간 중에는 환급금이 없거나 적을 수 있습니다. 이는 해약환급금 미지급형 상품일 경우 더욱 그렇습니다.",암보험은 비급여 치료나 실험적 치료를 보장하지 않을 수 있습니다. 보장 여부는 약관에서 확인 가능합니다.,True,5.0
암보험 약관에서 “보험료 감면”은 어떤 조건에서 이루어지나요?,"보험료 감면은 특정 조건(납입 면제 조건 충족 시)에 따라 이루어지며, 이는 약관에 명시된 기준을 따라야 합니다.","특약 추가를 위해 보험사에 신청해야 하며, 승인이 필요합니다. 추가 심사 및 보험료 조정이 이루어질 수 있습니다.",True,5.0
암보험 약관에서 보험금 청구 시 소요되는 평균 시간은?,"보험금 청구 시 평균 소요 시간은 서류 접수 후 3영업일이며, 추가 조사가 필요한 경우 최대 10영업일이 소요될 수 있습니다.","보장 개시일은 면책 기간 이후 보장이 시작되는 날이며, 보험 증권 발급일은 계약 성립일을 의미합니다. 두 날짜는 다를 수 있으므로 약관을 확인하세요.",True,5.0
암보험 약관에서 “보험료 납입 기간”은 어떻게 설정되나요?,"보험료 납입 기간은 계약 시 정해지며, 보통 10년, 20년 등으로 설정됩니다. 이는 약관에 명시된 대로 설정됩니다.","보험 수익자는 계약자가 지정하며, 변경 시 서면 신청이 필요합니다. 지정된 수익자에게 보험금이 지급됩니다.",True,5.0
암보험 가입 후 계약 내용의 일부를 취소할 수 있나요?,"계약 내용 일부를 취소할 수 있는지는 약관에 따라 다르며, 특정 특약 해지는 가능하나 주계약 해지는 전체 계약 해지로 이어질 수 있습니다.",암보험은 전자 서명을 통해 계약 체결이 가능합니다. 전자 서명은 법적으로 유효합니다.,True,5.0
암보험 약관에서 “보험금 지급 절차”는 어떻게 이루어지나요?,"보험금 지급 절차는 서류 접수, 심사, 지급의 단계로 이루어지며, 접수 후 3영업일 이내 지급이 원칙입니다.",가입자의 개인정보는 암호화 및 접근 통제를 통해 보호됩니다. 보험사는 개인정보 보호법에 따라 관리를 강화합니다.,True,5.0
암보험 약관에서 “보험금 지급 기한”이 지켜지지 않을 경우 대처 방법은?,"보험금 지급 기한이 지켜지지 않을 경우 계약자는 보험사에 이의를 제기할 수 있으며, 금융감독원에 분쟁 조정을 요청할 수도 있습니다.",해지 후 재가입 시 건강 심사와 보험료 할증이 발생할 수 있습니다. 기존 조건이 유지되지 않을 수 있습니다.,True,5.0
암보험 가입자가 해외에 거주 중일 경우 보험금 청구는 어떻게 이루어지나요?,"해외 거주 중인 경우 보험금 청구는 이메일, 우편 등을 통해 이루어질 수 있으며, 필요한 서류는 약관에 명시된 대로 준비해야 합니다.","설계사는 약관, 보장 내용 및 주요 조건을 명확히 설명해야 합니다. 설명 의무 미이행 시 계약 철회가 가능합니다.",True,5.0
암보험 가입 후 가족 구성원이 피보험자로 추가될 수 있나요?,"가족 구성원을 피보험자로 추가하려면 약관에 따른 절차를 거쳐야 하며, 추가 보험료가 부과될 수 있습니다.","고액암은 특정 암 유형으로, 일반 암보다 높은 보험금을 지급합니다. 범위는 약관에서 확인 가능합니다.",True,5.0
암보험 약관에서 “보험기간”이란 무엇을 의미하나요?,"보험기간은 계약자가 보장을 받는 기간으로, 주계약과 특약에 따라 다르게 설정됩니다.","대출은 해약환급금에서 차감되며, 이자가 발생합니다. 상환하지 않으면 최종 환급금이 감소할 수 있습니다.",True,5.0
암보험 약관에서 계약이 자동 갱신되지 않는 경우는?,"자동 갱신되지 않는 경우는 약관에 명시된 갱신 조건이 없는 상품이나, 계약자가 갱신을 원하지 않을 때입니다.",위험 보장은 약관에서 정한 보험 사고 발생 시 제공되는 보장입니다. 특약 가입 시 보장이 확대됩니다.,True,5.0
암보험 가입 후 보험금을 지급받을 수 없는 상황은 무엇인가요?,"보험금을 지급받을 수 없는 상황은 면책 기간, 고의적 사고, 고지 의무 위반 등이 포함됩니다.",환급금 미지급형 상품은 해지 시 환급금이 없습니다. 초기 해지의 경우 환급금이 적거나 없을 수 있습니다.,True,5.0
암보험 약관에서 “계약의 무효”는 어떤 경우에 해당하나요?,"계약의 무효는 피보험자의 동의 없는 계약 체결, 부정확한 정보 제공, 나이 제한 위반 등의 경우에 해당합니다.",건강 심사 실패나 약관 조건 미충족 시 복원이 거부될 수 있습니다. 연체 기간이 길 경우 복원이 제한될 수 있습니다.,True,5.0
암보험 가입 후 보험 수익자를 변경하려면 어떤 절차가 필요한가요?,"보험 수익자를 변경하려면 계약자가 보험사에 서면 요청을 해야 하며, 약관에 따라 변경 절차를 따릅니다.",보장 한도는 계약자가 선택한 상품 및 특약에 따라 설정됩니다. 조정 가능 여부는 약관을 참고하세요.,True,5.0
암보험 약관에서 “보험료 자동 대출”의 장점은 무엇인가요?,보험료 자동 대출은 보험료 미납 시 계약이 해지되는 것을 방지하는 장점이 있습니다.,암보험은 약관에서 정한 범위 내에서 중복 보장이 가능합니다. 특약에 따라 제한될 수 있습니다.,True,5.0
암보험 약관에서 “대장점막내암”은 어떻게 정의되나요?,"대장점막내암은 대장 점막층에만 국한된 암으로, 약관에서 경계성 종양으로 분류됩니다.",보험료 미납 시 자동으로 대출하여 계약을 유지할 수 있습니다. 장기 미납 방지에 유용합니다.,True,5.0
암보험 가입자의 보험금 청구 가능 항목은 어디에 명시되나요?,보험금 청구 가능 항목은 약관 내 '보험금 지급 기준표'에 명시되어 있습니다.,약관의 용어 정의 섹션을 참고하거나 고객센터에 문의하세요. 설명 자료와 가이드를 활용하면 이해를 돕습니다.,True,5.0
암보험 약관에서 “암”으로 정의되지 않는 질환은?,암으로 정의되지 않는 질환은 약관에 명시된 암의 정의에 포함되지 않는 모든 질환을 의미합니다.,건강 상태 변경은 기존 보험료에 영향을 미치지 않습니다. 보장 변경 시 추가 심사가 요구될 수 있습니다.,True,5.0
암보험 가입 후 해지된 계약을 복원하려면 어떤 조건을 충족해야 하나요?,"해지된 계약을 복원하려면 해약환급금을 수령하지 않고, 해지된 날로부터 3년 이내에 복원을 청약해야 합니다. 이때 건강상태 및 직업 등에 대한 심사를 거칩니다.","암보험 약관에서 보장 항목에 포함되지 않는 경우는 약관에 명시되지 않은 암 유형이나 면책 조건에 해당하는 상황입니다. 예를 들어, 보장 대상 암에 포함되지 않은 피부암이나 특정 질병의 경우 보장되지 않을 수 있습니다.",True,5.0
암보험 약관에서 “계약 성립일”과 “보장 개시일”의 차이는 무엇인가요?,"계약 성립일은 보험계약이 효력을 발생하는 날이며, 보장 개시일은 보험사의 보장 의무가 시작되는 날입니다. 두 날짜는 약관에서 다르게 설정될 수 있습니다.","암보험의 계약자가 사망했을 때, 피보험자가 살아 있으면 보험료 납입이 지속되는 조건에서 계약은 유지됩니다. 계약자는 사망 전에 보험수익자를 지정해야 합니다.",True,5.0
암보험 가입 후 보장 내용 변경이 가능한 시점은 언제인가요?,"보장 내용 변경은 계약자가 보험회사에 요청하여 약관에 따라 허용된 범위 내에서 가능합니다. 일반적으로 특정 기간 내에 가능하며, 추가 심사가 필요할 수 있습니다.","암보험 약관에서 계약자가 보장 받을 수 없는 상황은 고의적 행위, 고지의무 위반, 면책 기간 중 사고 등이 해당됩니다.",True,5.0
암보험 약관에서 “보험 수익자” 지정 시 유의해야 할 점은?,"보험 수익자를 지정할 때는 법적으로 적합한 자를 선택해야 하며, 수익자가 여러 명인 경우 지분율을 명확히 해야 합니다.",암보험 약관에서 '재해 분류표'는 특정 재해와 관련된 보험금 지급 기준을 명확히 하기 위해 사용됩니다.,True,5.0
암보험 가입 후 계약 내용을 모두 변경할 수 있나요?,"계약 내용 전체 변경은 허용되지 않으며, 일부 특약 해지나 보장 금액 변경은 약관에 따라 가능합니다.",암보험 약관에서 '장해 분류표'는 장해 발생 시 보험금 지급의 기준과 분류를 명확히 하기 위해 사용됩니다.,True,5.0
암보험 약관에서 “보험금 지급 제약” 조건은 무엇인가요?,"보험금 지급 제약 조건은 고의적 사고, 면책 기간, 감액 지급 기간 등의 상황에서 적용됩니다.",암보험 가입 후 보험금 청구가 제한되는 조건은 면책 기간(가입 후 90일) 및 감액 지급 기간(가입 후 1년)입니다.,True,5.0
암보험 약관에서 “보험 가입 금액”은 어떤 기준으로 정해지나요?,"보험 가입 금액은 피보험자의 나이, 건강 상태, 보장 범위 및 보험료 납입 능력 등을 기준으로 정해집니다.","암보험에서 보험금을 지급하지 않는 주요 사유는 고의적 사고, 범죄행위, 고지의무 위반 및 면책 기간 중 사고입니다.",True,5.0
암보험 가입 후 계약이 유지되지 않는 경우는 무엇인가요?,"계약이 유지되지 않는 경우는 보험료 미납, 고지의무 위반, 계약 해지 등의 상황에서 발생합니다.",암보험 가입 후 해약이 불가능한 시점은 청약 철회(15일) 및 계약 취소(3개월) 기간 이후입니다.,True,5.0
암보험 약관에서 “청약 철회권”은 계약자가 어떤 상황에서 사용할 수 있나요?,청약 철회권은 보험증권 수령 후 15일 이내 또는 만 65세 이상 및 전화 체결 계약의 경우 45일 이내에 행사할 수 있습니다.,"암보험 약관에서 '특약'이란 주계약 외에 추가 보장을 제공하는 선택 사항으로, 계약자가 추가적으로 가입할 수 있는 항목입니다.",True,5.0
암보험 약관에서 “보험금 청구 시 필요한 서류”는 무엇인가요?,"보험금 청구 시 필요한 서류는 진단서, 청구서, 신분증 등이며, 약관에 따라 추가 서류가 필요할 수 있습니다.",암보험에서 '예금자 보호'란 보험 계약자가 파산 등의 경우에도 계약자당 최대 5천만 원까지 보호받을 수 있다는 의미입니다.,True,5.0
암보험 약관에서 “특약”의 보장 항목은 어디에 명시되나요?,"특약의 보장 항목은 약관 내 특약 조항에 명시되어 있으며, 계약자가 선택하여 가입할 수 있습니다.",암보험 가입자의 주소 변경은 보험금 지급이나 중요 통지에 영향을 미칠 수 있으므로 즉시 보험회사에 통지해야 합니다.,True,5.0
암보험 약관에서 “보험 계약 대출”은 어떤 조건에서 가능하나요?,"보험 계약 대출은 해약환급금 범위 내에서 가능하며, 대출 이자는 약관에 따라 결정됩니다.",암보험 약관에서 '손해 사정'은 보험금 지급과 관련한 분쟁 발생 시 사실 확인 및 공정한 판단을 위해 수행됩니다.,True,5.0
암보험 약관에서 “계약자”와 “피보험자”의 역할 차이는?,"계약자는 보험료 납입 의무를 지며, 피보험자는 보험 사고 발생 시 보장을 받는 대상입니다.","암보험 가입 후 보험금을 청구하지 않아도 계약 유지에는 영향이 없으나, 청구권 소멸시효(3년) 내에 청구하지 않을 경우 권리가 소멸됩니다.",True,5.0
암보험 가입 후 계약 갱신을 원하는 경우 어떤 절차를 거쳐야 하나요?,"계약 갱신은 보험회사에 요청하여 약관에 따른 절차를 진행하며, 갱신 시 보험료가 변동될 수 있습니다.",암보험 약관에서 보장되지 않는 암의 조건은 약관에 명시된 면책 사유나 보장 제외 대상에 해당하는 경우입니다.,True,5.0
암보험 가입 시 설계사가 설명해야 할 주요 내용은 무엇인가요?,"설계사는 보장 내용, 면책 조건, 감액 지급 기간, 해약환급금 조건 등을 계약자에게 명확히 설명해야 합니다.","암보험 가입 시 보험료 산정에 영향을 미치는 요소는 나이, 건강 상태, 보장 금액 및 납입 기간입니다.",True,5.0
암보험 약관에서 “보장 항목”과 “보장 제외 항목”의 차이는 무엇인가요?,"보장 항목은 보험 약관에서 명시된 보장 대상이며, 보장 제외 항목은 면책 조건에 해당하는 상황입니다.","암보험 가입 후 계약의 자동 갱신 여부는 상품 조건에 따라 달라지며, 갱신형 상품의 경우 자동 갱신이 가능합니다.",True,5.0
암보험 가입 후 계약을 취소할 수 없는 상황은?,계약 취소가 불가능한 상황은 청약 철회 기간 및 계약 취소 기간이 지난 경우입니다.,암보험의 '납입 면제'는 암 진단이나 고액암 진단 후 장해가 발생한 경우 등에 적용됩니다.,True,5.0
암보험 약관에서 “보장 제외 조건”은 어디에 명시되나요?,보장 제외 조건은 약관 내 보장 제한 항목에 명시되어 있습니다.,"암보험에서 '피보험자'는 보장 대상이고, '보험 수익자'는 보험금을 수령하는 자로, 서로 다를 수 있습니다.",True,5.0
암보험 가입 후 보험료 납입을 중단할 경우 계약은 어떻게 되나요?,"보험료 납입을 중단하면 납입 최고 기간 후 계약이 해지되며, 해지된 계약은 일정 조건에서 부활할 수 있습니다.",암보험 약관에서 '보험금 지급 기준표'는 보험금 지급 사유와 금액을 명확히 제시하기 위한 기준입니다.,True,5.0
암보험 약관에서 “계약 부활”의 조건은 무엇인가요?,"계약 부활은 해지된 날로부터 3년 이내에 가능하며, 건강 상태 심사를 거쳐야 합니다.","암보험 가입자가 암 외의 질병을 앓고 있으면 기본적으로 보장되지 않지만, 특약에 가입한 경우 보장이 가능합니다.",True,5.0
암보험 가입 후 보험료 납입이 지연되면 보장이 중단되나요?,"보험료 납입이 지연되면 보장은 납입 최고 기간 동안 중단되지 않으나, 기간 초과 시 계약이 해지됩니다.",암보험의 해지 환급금은 납입한 보험료에서 계약 유지 경비 및 보장 비용을 차감하여 산정됩니다.,True,5.0
암보험 약관에서 “보장 개시일”은 어떻게 설정되나요?,"보장 개시일은 보험사가 보장을 시작하는 날로, 계약 성립 후 일정 조건을 충족해야 합니다.",암보험 가입 후 계약 내용을 변경하면 추가 비용이 발생할 수 있습니다.,True,5.0
암보험 가입 후 계약 내용을 유지하는 조건은 무엇인가요?,"계약 내용 유지는 보험료 납입, 고지의무 준수, 약관 조건 충족 등으로 가능합니다.",암보험 약관에서 '계약의 부활'은 해지된 계약을 3년 이내에 재청약하여 효력을 회복시키는 것을 의미합니다.,True,5.0
암보험 약관에서 “보장 한도”와 “보험료 납입 기간”의 연관성은?,보장 한도와 보험료 납입 기간은 보장 내용 및 보험료 산정 기준에 따라 상호 연관됩니다.,"암보험 약관에서 '전문 금융 소비자'란 고도의 금융 지식을 보유한 계약자로, 일반 소비자와 다른 권한이 적용됩니다.",True,5.0
암보험에서 “계약 부활”이란 무엇을 의미하나요?,"암보험 약관에서 '계약 부활'은 보험료 미납으로 인해 해지된 계약을 일정 조건을 충족하여 다시 효력이 발생하도록 복원하는 절차를 의미합니다. 계약 부활은 해지된 날로부터 3년 이내에 가능하며, 계약자는 연체된 보험료와 함께 연체 이자를 납부해야 하고, 건강 상태 심사를 통과해야 합니다.","암보험 약관에 명시된 '보장 제외 조건'은 고의적 사고, 범죄행위, 면책 기간 중 사고 등이 포함됩니다.",True,5.0
'KB 착한암보험에서 청약 철회가 가능한 조건은 무엇인가요?',제22조 청약의 철회 - 보험계약자는 보험증권을 받은 날부터 15일 이내에 청약을 철회할 수 있습니다. 제23페이지 - 보험기간이 90일 이하이거나 건강진단을 지원하는 계약은 청약 철회가 불가능합니다.,KB 착한암보험에서는 청약 철회가 전혀 불가능합니다. 보험계약자는 보험증권을 받은 날로부터 100일 이내에 청약을 철회할 수 있습니다.,True,6.0
'보험계약의 무효가 선언될 수 있는 주요 사례는?',제24조 계약의 무효 - 피보험자의 동의가 없는 타인의 사망을 보험금 지급사유로 한 경우 계약은 무효입니다. 제24조 - 만 15세 미만자나 심신상실자의 사망을 보험금 지급사유로 한 경우 계약이 무효 처리됩니다.,보험계약의 무효 사례로는 보험금 지급사유가 없는 경우와 보험계약자가 의도적으로 정보를 조작한 경우가 있습니다. 사실과 정반대의 정보를 제시하고 있으므로 명확한 भ्रम 주의가 필요합니다.,True,6.0
'KB 착한암보험에서 보험금 지급 제한 사유에는 어떤 내용이 포함되나요?',"제10조 보험금 지급하지 않는 사유 - 계약 전 알릴 의무를 위반하거나, 고의로 보험사고를 발생시킨 경우 보험금이 지급되지 않습니다.",보험금은 계약 전 알릴 의무를 위반하거나 고의로 보험사고를 발생시킨 경우에도 항상 지급됩니다. KB 착한암보험은 모든 상황에서 자동으로 보험금을 지급합니다.,True,6.0
'암보험의 면책 기간 동안 보험금 청구가 불가능한 이유는 무엇인가요?',면책기간 - 가입 후 90일간은 암 진단 보험금이 지급되지 않습니다.,암보험의 면책 기간 동안 보험금이 청구 가능한 이유는 그 기간 동안 진단된 암도 보장받기 때문입니다. 모든 보험은 가입 후 즉시 모든 혜택을 제공합니다.,True,6.0
'KB 착한암보험의 감액 지급 조건은 무엇인가요?',감액지급 조건 - 가입 후 1년간 암 진단 보험금은 50%만 지급됩니다.,KB 착한암보험에서는 가입 후 1년간 암 진단 보험금이 150% 지급됩니다. 보험가입 후 첫 해에는 전액 지급이 이루어집니다.,True,6.0
'KB 착한암보험에서 암진단 보험금의 보장 한도는 어떻게 설정되나요?',제23페이지 - 암진단 보험금은 각각의 암 유형에 대해 최초 1회 한도로 지급됩니다.,KB 착한암보험에서는 암진단 보험금을 매년 계속해서 지급합니다. 기본적으로 모든 암 유형에 대해 무제한 보장을 제공합니다.,True,6.0
'KB 착한암보험의 해약환급금 미지급형과 표준형의 차이는 무엇인가요?',해약환급금 미지급형 - 보험료 납입기간 중 계약 해지 시 해약환급금이 없습니다. 표준형 - 해약환급금은 납입한 보험료보다 적거나 없을 수 있습니다.,KB 착한암보험의 해약환급금 미지급형은 계약 해지 시에도 해약환급금을 받게 됩니다. 표준형은 해약환급금이 항상 납입한 보험료보다 많습니다.,True,6.0
'KB 착한암보험의 보험료 자동대출납입 기능은 어떤 상황에서 유용한가요?',제30조 보험료 자동대출납입 - 보험료 납입이 연체될 경우 자동으로 대출이 실행되어 계약 해지를 방지합니다.,KB 착한암보험의 보험료 자동대출납입 기능은 보험료가 제때 납부된 경우에만 유용합니다. 연체 상황에서는 이 기능이 작동하지 않습니다.,True,6.0
'KB 착한암보험에서 보험금 지급까지 평균적으로 소요되는 시간은?',제12조 보험금 지급 - 보험금은 청구서류 접수일로부터 3영업일 이내에 지급됩니다.,KB 착한암보험에서는 보험금 지급에 평균적으로 한 달이 소요됩니다. 고객들은 종종 두세 달을 기다려야 합니다.,True,6.0
'KB 착한암보험에서 보험금 청구 시 필요한 주요 서류는 무엇인가요?',"제12조 보험금 청구 - 진단서, 청구서, 신분증, 개인신용정보 동의서 등이 필요합니다.",보험금 청구 시에는 서류가 필요 없습니다. KB 착한암보험은 고객의 구두 요청만으로 보험금을 지급합니다.,True,6.0
'계약자와 피보험자가 다를 경우 보험금 청구 절차는 어떻게 진행되나요?',보험금 청구 절차 - 보험수익자가 보험금 청구 시 피보험자의 동의가 필요합니다.,보험수익자가 보험금을 청구할 때 피보험자의 동의는 전혀 필요하지 않습니다. 오히려 보험금을 청구하기 위해선 보험사는 무작위로 선정된 외부 감사의 승인을 받아야 합니다.,True,6.0
'KB 착한암보험의 청약 철회 가능 기간은 몇 일인가요?',제22조 청약 철회 - 보험증권 수령 후 15일 이내입니다.,KB 착한암보험의 청약 철회 가능 기간은 보험증권 수령 후 30일 이내입니다.,True,6.0
'암보험에서 보장 개시일 이후 보험금 청구가 가능한 조건은 무엇인가요?',제8조 보험금 지급사유 - 암보장개시일 이후 암으로 진단확정될 경우 지급됩니다.,보장 개시일 이후에는 암으로 진단받아도 보험금을 청구할 수 없습니다. 암보험에서는 어떠한 경우에도 보험금을 지급하지 않습니다.,True,6.0
'KB 착한암보험에서 해지된 계약을 부활시키기 위한 조건은?',"제32조 계약의 부활 - 해지 후 3년 이내에 청약 가능하며, 건강 상태 등에 따라 승낙 여부가 결정됩니다.","KB 착한암보험에서는 계약이 해지된 후 5년 이내에는 청약이 불가능하며, 건강 상태는 고려되지 않습니다.",True,6.0
'KB 착한암보험의 보험계약 대출 이율은 어떻게 설정되나요?',"제38조 보험계약 대출 - 대출 이율은 상품 조건에 따라 상이하며, 사전 확인이 필요합니다.",KB 착한암보험의 보험계약 대출 이율은 모든 상품에서 동일하게 0%로 설정됩니다. 사전 확인은 필요하지 않습니다.,True,6.0
'KB 착한암보험의 약관 교부 및 설명의무 위반 시 소비자가 취할 수 있는 조치는?',제23조 약관 교부 및 설명의무 - 위반 시 계약 성립일로부터 3개월 내에 계약 취소가 가능합니다.,소비자는 약관 교부 및 설명의무 위반 시 계약 성립일로부터 1년 내에 계약을 취소할 수 있습니다. 3개월 이후에는 아무런 조치를 취할 수 없습니다.,True,6.0
'암보험 약관에서 “대장점막내암”은 어떤 기준으로 정의되나요?',"제7조 대장점막내암 정의 - 대장점막층에 국한된 암으로, 보장 조건이 제한적으로 적용됩니다.","대장점막내암은 사실 대장점막층을 침투한 암으로, 보장 조건이 매우 포괄적입니다. 제한이 거의 없이 모든 치료 비용을 지원합니다.",True,6.0
KB 착한암보험의 계약자가 피보험자를 변경하려면 어떤 절차가 필요한가요?,"제16조 보험수익자의 지정 - 계약자는 보험수익자를 지정 및 변경할 수 있으며, 피보험자의 서면 동의가 필요합니다. 제25조 계약내용의 변경 - 피보험자 변경은 회사의 사전 승인을 받아야 하며, 변경 신청 시 필요한 서류를 제출해야 합니다.","계약자가 피보험자를 변경하기 위해서는 아무런 절차가 필요 없으며, 자동으로 변경됩니다. 피보험자의 서면 동의나 회사의 승인도 필요하지 않습니다.",True,6.0
암보험 약관에서 피보험자의 사망이 보장되지 않는 주요 이유는?,"제24조 계약의 무효 - 피보험자가 만 15세 미만, 심신상실자, 심신박약자인 경우 사망을 보장하지 않습니다. 제10조 보험금을 지급하지 않는 사유 - 자살 등 고의적 행위는 보장되지 않습니다.",피보험자의 사망이 보장되지 않는 주요 이유는 고의가 아닌 자연사가 주요 원인이기 때문입니다. 또한 피보험자가 만 150세 이상일 경우 사망을 보장하지 않습니다.,True,6.0
암보험의 보험료 납입 연체 시 계약 해지가 결정되는 과정은?,제31조 보험료 납입 연체 - 보험료 납입이 연체되면 회사는 14일 이상의 납입최고(독촉) 기간을 설정합니다. 제32조 해지된 계약의 부활 - 납입최고 기간 내에 보험료를 납입하지 않으면 계약이 해지됩니다.,보험료 납입이 연체되면 계약 해지는 즉시 이루어집니다. 납입최고 기간은 제공되지 않습니다.,True,6.0
KB 착한암보험에서 소비자가 반드시 알아야 할 주요 보장 내용은?,"제8조 보험금 지급사유 - 고액암, 유방암, 남녀생식기암 등은 최초 1회에 한해 보장됩니다. 제23페이지 - 면책기간 및 감액지급 - 가입 후 90일간 면책기간이 있으며, 1년 이내에는 보험금의 50%만 지급됩니다.",KB 착한암보험은 모든 암에 대해 무기한 보장을 제공합니다. 가입 즉시 전액 보험금이 지급되며 면책기간은 없습니다.,True,6.0
KB 착한암보험에서 가입 후 청구 가능한 최초 시점은 언제인가요?,제23페이지 - 면책기간 - 암진단 보험금의 경우 가입 후 90일간 보장이 제외됩니다. 제8조 보험금 지급사유 - 암보장개시일 이후 보험금 청구가 가능합니다.,KB 착한암보험에서는 가입 후 즉시 보험금을 청구할 수 있습니다. 모든 보장은 가입한 순간부터 시작됩니다.,True,6.0
KB 착한암보험의 보장 만기 시 계약자는 어떤 선택권을 가지게 되나요?,제21조 보험계약의 성립과 종료 - 계약자는 보장 만기 후 해약환급금을 받을 수 있습니다. 해약환급금 미지급형 - 만기 시 추가 환급금은 없을 수 있습니다.,"KB 착한암보험의 보장 만기 시 계약자는 아무런 선택권을 가지지 못하며, 환급금도 받을 수 없습니다. 계약이 자동으로 소멸됩니다.",True,6.0
KB 착한암보험에서 예금자 보호 범위는 어떻게 적용되나요?,제26페이지 - 예금자보호제도 - 해약환급금과 기타 지급금을 합산하여 최대 5천만 원까지 보호됩니다.,KB 착한암보험은 예금자 보호 범위가 전혀 적용되지 않습니다. 예금자보호 제도에서는 5천만 원 이상의 금액까지도 안전하게 보호합니다.,True,6.0
암보험에서 특약 선택 시 소비자가 고려해야 할 사항은 무엇인가요?,"특약 선택 - 특약은 추가 보장을 위한 선택 사항이며, 가입 시 상세한 약관 확인이 필요합니다. 가나다 순 특약 색인 - 특약은 주계약과 별도로 보장 내용과 조건이 명시됩니다.","특약은 암보험에 포함될 수 없는 요소이며, 모든 암보험은 동일한 조건을 가지고 있습니다. 따라서 특약은 전혀 고려할 필요가 없습니다.",True,6.0
KB 착한암보험의 납입 면제 조건은 어떤 상황에서 발생하나요?,제9조 보험금 지급사유 - 피보험자가 특정 중증 질병으로 진단된 경우 납입 면제가 가능합니다. 특약 조건 - 납입 면제는 특정 특약에 따라 달라질 수 있습니다.,"KB 착한암보험의 납입 면제 조건은 피보험자가 건강한 상태일 때만 발생합니다. 또한, 모든 특약은 납입 면제를 부인하도록 설계되어 있습니다.",True,6.0
KB 착한암보험의 보험금 지급 사유가 발생하지 않는 경우는?,"제10조 보험금을 지급하지 않는 사유 - 고의적 행위, 면책기간 중 발생한 암, 미고지 등의 사유는 지급 제외됩니다.","KB 착한암보험은 고객이 고의적 행위를 했을 경우에도 보험금을 지급합니다. 또한, 면책기간 동안 발생한 암에 대해서도 지급됩니다.",True,6.0
KB 착한암보험에서 계약 해지가 가능한 절차는?,"제34조 계약자의 임의해지 - 계약자는 해지 신청서를 작성하고, 회사에 제출하여 계약을 해지할 수 있습니다. 제31조 보험료 연체 - 보험료 연체로 인한 해지는 납입최고 기간 이후 자동으로 처리됩니다.","KB 착한암보험의 계약 해지는 불가능하며, 계약자는 아무런 절차 없이 자동으로 해지됩니다. 해지 신청서와 같은 문서는 필요하지 않습니다.",True,6.0
KB 착한암보험의 '해약환급금' 산출 방식은?,제37조 해약환급금 - 납입한 보험료에서 계약 관리비용과 경과 기간의 위험보험료를 차감하여 산출합니다. 해약환급금 미지급형 - 계약이 납입기간 중 해지되면 해약환급금이 없습니다.,KB 착한암보험의 해약환급금은 납입한 보험료에서 계약 관리비용을 추가하여 계산됩니다. 계약이 해지되면 모든 납입금이 즉시 환불됩니다.,True,6.0
암보험 약관에서 계약자가 피보험자를 대신해 보험금을 청구할 수 있는 조건은?,제12조 보험금 청구 - 계약자가 피보험자의 동의 하에 보험금을 청구할 수 있습니다. 지정대리청구특약 - 계약자가 보험금을 대신 청구할 수 있는 특약 조항이 있을 수 있습니다.,계약자는 피보험자의 동의 없이 언제든지 보험금을 청구할 수 있습니다. 지정대리청구특약은 존재하지 않으며 계약자는 특약이 없어도 대신 청구할 수 있습니다.,True,6.0
KB 착한암보험에서 보험금 지급이 제한될 수 있는 사유는?,"제10조 보험금을 지급하지 않는 사유 - 고의적 행위, 미고지, 계약 전 알릴 의무 위반 등이 포함됩니다.","KB 착한암보험에서는 모든 보험금 지급이 보장되며, 제한 조건이 없습니다. 모든 경우에 보험금이 자동으로 즉시 지급됩니다.",True,6.0
KB 착한암보험에서 보험료 납입이 연체되었을 때 소비자가 취할 수 있는 대처 방법은?,"제32조 계약의 부활 - 해지된 계약은 해약환급금을 수령하지 않은 경우, 3년 이내에 부활 신청이 가능합니다. 제31조 보험료 납입 연체 - 납입최고 기간 내에 미납 보험료를 납부하면 계약 해지를 방지할 수 있습니다.",KB 착한암보험에서 보험료 납입이 연체되었을 때 소비자는 계약을 즉시 취소하고 다시 신청할 수 없습니다. 해지된 계약은 영원히 부활할 수 없습니다.,True,6.0
KB 착한암보험의 특약 추가 가입이 가능한 시점은 언제인가요?,"특약 추가 - 특약은 보험 가입 시점에 선택하거나, 이후 회사의 심사와 승인을 통해 추가할 수 있습니다.",KB 착한암보험의 특약 추가 가입은 보험 가입 시점에만 가능합니다. 이후에는 절대 추가할 수 없습니다.,True,6.0
암보험의 청약 철회와 계약 취소의 차이는 무엇인가요?,"제22조 청약 철회 - 계약자는 보험증권을 받은 날로부터 15일 이내에 철회가 가능합니다. 제23조 계약 취소 - 약관 미교부, 자필서명 미이행 등 절차적 문제로 인해 계약은 성립 후 3개월 이내에 취소할 수 있습니다.",청약 철회는 보통 보험증권을 받은 날로부터 300일 이내에 가능합니다. 계약 취소는 절차적 문제가 발생해도 취소할 수 없는 경우가 대부분입니다.,True,6.0
KB 착한암보험에서 보장되지 않는 주요 항목은 무엇인가요?,"제10조 보험금을 지급하지 않는 사유 - 고의적 행위, 면책기간 중 발생한 암, 계약 전 알릴 의무 위반 등이 포함됩니다. 면책항목 - 특정 상황(예: 자살, 범죄행위로 인한 사고 등)은 보장되지 않습니다.","KB 착한암보험은 고의적 행위와 면책기간 중 발생한 암을 포함하여 모든 상황을 보장합니다. 또한, 자살이나 범죄행위로 인한 사고도 전액 보장됩니다.",True,6.0
KB 착한암보험의 보험금 지급 과정 중 소비자가 받을 수 있는 안내 사항은?,"제12조 보험금 청구 - 청구 후 3영업일 이내 지급이 원칙이며, 지급 지연 시 사유와 절차를 안내받을 수 있습니다. 필요한 서류 및 지급 절차 - 회사는 청구 과정에서 필요한 서류와 진행 상황을 소비자에게 안내해야 합니다.",KB 착한암보험의 보험금 지급 과정에서는 소비자가 어떤 안내도 받을 수 없습니다. 지급 지연 시 사유나 절차에 대한 안내는 제공되지 않습니다.,True,6.0
KB 착한암보험의 계약을 갱신하려면 어떤 조건이 필요한가요?,"갱신 조건 - 보험 기간 만료 전, 갱신 가능 조건(예: 건강 상태, 추가 심사 필요 여부)을 확인해야 합니다. 제32조 계약의 부활 - 갱신은 계약 해지 전 신청이 필요하며, 회사의 승인이 요구됩니다.","KB 착한암보험의 계약을 갱신하려면 전혀 조건이 필요하지 않습니다. 계약은 자동으로 갱신되며, 회사의 승인도 필요 없습니다.",True,6.0
KB 착한암보험의 보험료 감액 조건은?,제25조 계약내용의 변경 - 보험료 감액은 계약자가 요청 시 회사의 승인을 통해 가능합니다. 특정 상황 - 감액 조건은 가입한 보장 내용 및 약관에 따라 달라질 수 있습니다.,KB 착한암보험의 보험료 감액은 계약자의 요청 없이 자동으로 이루어집니다. 모든 보험 계약에는 감액 조건이 동일하게 적용됩니다.,True,6.0
암보험에서 계약자의 정보 변경이 필요한 경우 어떤 절차를 따르나요?,제25조 계약내용의 변경 - 정보 변경은 회사에 서류를 제출하여 요청해야 합니다. 회사 승인 - 정보 변경은 회사의 승인을 통해 처리됩니다.,"암보험에서 계약자의 정보 변경이 필요한 경우, 아무런 절차가 필요하지 않습니다. 누구나 언제든지 회사 승인 없이 직접 정보를 변경할 수 있습니다.",True,6.0
KB 착한암보험에서 보험료 자동 납입 기능 설정 방법은?,제30조 보험료 자동대출납입 - 자동 납입은 계약자가 신청하여 설정할 수 있습니다. 회사 시스템 - 자동 납입 신청은 고객센터 또는 홈페이지를 통해 가능합니다.,KB 착한암보험의 자동 납입 기능은 설정할 수 있는 방법이 없습니다. 자동 납입은 오직 매장의 자동화 기기에서만 처리 가능합니다.,True,6.0
KB 착한암보험의 보장 한도 초과 시 소비자가 취할 수 있는 방법은?,보장 한도 - 각 보장은 최초 1회 지급 기준으로 한도가 설정되어 있습니다. 특약 추가 - 한도 초과 보장은 특약을 통해 추가적으로 설정할 수 있습니다.,KB 착한암보험의 보장 한도 초과 시에는 아무 조치를 취할 수 없습니다. 보장 한도를 초과할 경우 보험은 자동으로 종료됩니다.,True,6.0
암보험의 보험금 지급이 지연될 경우 소비자가 취할 수 있는 조치는?,제12조 보험금 지급 - 지급 지연 시 회사는 지연 사유와 추가 절차를 소비자에게 안내해야 합니다. 민원 신청 - 소비자는 보험사 고객센터 또는 금융감독원을 통해 민원을 제기할 수 있습니다.,"보험금 지급이 지연될 경우 소비자는 아무 조치도 취할 수 없으며, 보험사의 안내를 기다려야만 합니다. 또한, 민원을 제기할 수 있는 기관은 존재하지 않습니다.",True,6.0
암보험 약관에서 청구 가능한 '피부암'의 정의는?,"제8조 보험금 지급사유 - '피부암'은 기타피부암, 흑색종 등이 포함됩니다. 별표4 암 분류표 - 기타피부암은 보장 범위에 포함되나, 특정 조건이 적용될 수 있습니다.","""피부암""은 보험 약관에 명시되지 않은 질병이며, 일체의 피부 관련 질환은 청구가 불가능합니다. 별표4는 암 분류표를 통해 피부암을 제외하고 있습니다.",True,6.0
KB 착한암보험의 약관에서 계약자의 권리 보장을 위해 명시된 조항은?,제22조 청약 철회 - 계약자는 청약 후 15일 이내에 철회할 권리를 가집니다. 제23조 계약 취소 - 약관 미교부 또는 자필서명 미이행 시 계약자는 3개월 내 계약 취소가 가능합니다.,"KB 착한암보험의 약관에는 계약자가 청약 후 15일 이내에 철회할 권리가 전혀 명시되어 있지 않습니다. 또한, 약관 미교부 시 계약 취소 역시 불가능합니다.",True,6.0
KB 착한암보험에서 보험금 청구 서류 보완이 필요한 경우는?,제12조 보험금 청구 - 제출 서류가 불충분한 경우 회사는 보완 요청을 할 수 있습니다. 서류 안내 - 보완 요청 시 필요한 서류 목록은 소비자에게 안내됩니다.,"KB 착한암보험에서는 보완이 필요한 서류가 없으며, 모든 청구는 자동으로 승인됩니다. 보험사에서는 절대적으로 서류 보완을 요청하지 않습니다.",True,6.0
KB 착한암보험의 납입 최종 기일 연장이 가능한 상황은?,제31조 보험료 납입 연체 - 납입최고 기간 내 연장이 가능합니다. 연체 기간 - 연체된 보험료 납입을 위한 유예 기간은 약관에 따라 결정됩니다.,KB 착한암보험의 납입 최종 기일은 연체 기간에 상관없이 절대 연장되지 않습니다. 모든 연체 보험료는 즉시 납부해야 합니다.,True,6.0
KB 착한암보험의 보험료 산정에 영향을 미치는 주요 요인은?,"보험료 산정 - 보험가입금액, 피보험자의 나이, 건강 상태, 납입 기간 등이 주요 요인입니다. 별표1 보험금 지급기준표 - 가입금액에 따라 보험료가 달라질 수 있습니다.",KB 착한암보험의 보험료를 결정짓는 것은 피보험자의 출생 도시와 좋아하는 음식입니다. 보험 가입금액이나 건강 상태는 전혀 고려되지 않습니다.,True,6.0
KB 착한암보험의 '보험료 납입 연체'로 계약 해지 후 복원이 가능한 시점은?,제32조 계약의 부활 - 계약 해지 후 3년 이내에 부활 신청이 가능합니다. 심사 필요 - 부활 신청 시 건강 상태 등에 대한 심사가 이루어집니다.,KB 착한암보험은 계약 해지 후 즉시 복원이 가능합니다. 심사 없이 자동으로 복원 절차가 진행됩니다.,True,6.0
암보험 약관에서 보험계약자가 명심해야 할 의무는 무엇인가요?,제18조 계약 전 알릴 의무 - 계약자는 청약 시 중요한 사실을 사실대로 고지해야 합니다. 제19조 알릴 의무 위반의 효과 - 고지 의무 위반 시 계약이 해지될 수 있습니다.,"보험 계약자는 계약 시 모든 정보를 숨기고, 중요한 사실을 고지할 필요가 없습니다. 고지 의무를 위반해도 계약이 자동으로 계속 유지됩니다.",True,6.0
KB 착한암보험의 계약 해지로 발생하는 손해를 최소화하는 방법은?,"제34조 임의해지 - 해지 전에 해약환급금을 확인하고, 회사의 안내를 받을 수 있습니다. 납입 최종 기일 - 보험료 연체로 해지가 예상될 경우, 납입최고 기간 내 납부를 통해 해지를 방지할 수 있습니다.","KB 착한암보험의 계약 해지를 최소화하는 방법은 보험료를 전혀 납부하지 않는 것입니다. 또한, 해약환급금을 확인하지 않음으로써 손해를 최소화할 수 있습니다.",True,6.0
보험금을 청구하지 않고 계약을 유지하는 것이 유리한 경우는?,"보험금을 청구하지 않는 경우, 일부 약관에서 제공하는 무청구 할인이나 계약 유지 혜택을 받을 수 있습니다. 청구 여부는 보험료 갱신 시 영향을 줄 수 있으므로 신중히 판단해야 합니다.","보험금을 청구하지 않으면 일부 보험사에서 제공하는 ""다이아몬드 고객 인증 프로그램""에 가입할 수 있으며, 이를 통해 5년마다 보험료를 50% 할인받는 혜택을 누릴 수 있습니다. 또한, 보험금을 전혀 청구하지 않는 계약자는 비밀리에 운영되는 ""골드 보증 네트워크""에 자동 가입되어, 계약 기간 동안 특별한 재정 지원과 고급 멤버십 혜택을 받을 수 있습니다.",True,7.0
암보험에 가입할 때 제3자의 추천이 필요한가요?,"약관에서는 제3자의 추천이 필수 조건은 아니며, 가입은 계약자의 의사에 따라 이루어집니다. 다만, 보험 설계사의 상담을 통해 적합한 상품을 추천받을 수 있습니다.","""암보험에 가입하려면 법적으로 지정된 제3자의 서면 추천서가 반드시 필요합니다. 이 추천서는 ‘국민암관리심의회’에서 인증한 양식이어야 하며, 이를 제출하지 않을 경우 보험 가입이 거절될 수 있습니다.""",True,7.0
암보험 가입 시 과거 병력의 영향은 어느 정도인가요?,"과거 병력은 가입 심사에서 중요한 요소로 작용하며, 특정 병력은 가입 제한 또는 보험료 할증의 원인이 될 수 있습니다. 병력 고지 여부는 계약 유지와 보험금 지급에 영향을 미칩니다.","암보험 가입 시 일반적으로 5년 이내의 질병 이력만 심사에 반영되며, 이전 병력은 대부분 보험료 산정에 영향을 주지 않습니다. 하지만 폐암이나 뇌졸중 등 중증질환 이력이 있는 경우에는 최대 10년까지의 병력을 조회하여 보험료가 30~50% 할증될 수 있습니다. 중증질환 병력이 있어도 완치 판정을 받은 후 3년이 경과하면 일반인과 동일한 보험료로 가입이 가능합니다.",True,7.0
암보험에서 피보험자의 직업에 따라 달라지는 조건은 무엇인가요?,피보험자의 직업은 보험료 산정 및 보장 범위 결정에 영향을 미칠 수 있습니다. 위험 직군에 속하는 경우 보험료 할증이나 일부 보장 제외 조건이 적용될 수 있습니다.,"직업군별 위험도에 따라 암보험료는 일반인의 최대 5배까지 할증될 수 있으며, 광부나 화학물질 취급자의 경우 특약 가입이 제한됩니다. 생산직 근로자는 표준 보험료의 2배를 기준으로 하되 근무환경과 취급물질에 따라 보험사 의료 자문팀의 개별심사를 거치게 됩니다.",True,7.0
암보험의 보험료 할인 혜택은 어떤 경우에 적용되나요?,"보험료 할인 혜택은 무청구 유지, 가족 보험 가입, 장기 가입 등의 조건을 충족할 때 제공될 수 있습니다. 약관에 따라 구체적인 할인 조건이 다를 수 있습니다.","암보험은 특정 혈액형(예: Rh- 혈액형) 보유자에게 특별 할인 혜택을 제공하며, 이는 희귀 혈액형 보유자의 경제적 부담을 완화하기 위한 정책입니다. 또한, 특정 제휴 카드 사용 시 추가 할인이 적용될 수 있습니다.",True,7.0
암보험의 납입 면제 조건은 무엇인가요?,"납입 면제는 특정 조건, 예를 들어 중증 암 진단, 장애 상태 발생 시 적용됩니다. 납입 면제 조건 충족 시 계약자는 보험료 납입 없이도 동일한 보장을 유지할 수 있습니다.","암보험은 계약자가 특정 대학교(예: 서울대학교) 졸업생이거나, 특정 직업군(예: 의사)에 종사하는 경우 납입 면제 혜택을 제공합니다. 이는 해당 집단의 건강 관리 능력이 높다고 판단하여 보험사가 제공하는 특별 혜택입니다.",True,7.0
암보험 계약을 연장하려면 어떤 절차를 거쳐야 하나요?,"계약 연장은 보험사에 연장 신청을 하고, 추가 보험료를 납부하는 방식으로 진행됩니다. 연장 조건은 기존 계약 약관에 명시된 대로 적용됩니다.","암 보험 계약은 매년 생일마다 자동으로 갱신되며, 계약자는 특별한 절차 없이도 보장을 유지할 수 있습니다. 단, 갱신 시에는 소정의 '장수 축하금'이 부과될 수 있으며, 이는 다음 달 보험료에 합산되어 청구됩니다.",True,7.0
암보험의 청약 철회와 계약 취소의 차이점은 무엇인가요?,"청약 철회는 보험증권 수령 후 15일 이내 가능하며, 계약 취소는 계약 성립 후 3개월 이내 가능합니다. 청약 철회는 계약 성립 이전 단계에서 이루어지며, 계약 취소는 계약 성립 후 일정 기간 내 적용됩니다.","청약 철회는 보험 가입 후 7일 이내, 계약 취소는 1년 이내에 가능하며, 두 절차 모두 온라인으로 간편하게 신청할 수 있습니다. 특히, 청약 철회 시에는 특별 위약금이 발생하지 않는 장점이 있습니다.",True,7.0
암보험 약관에서 피보험자와 계약자의 차이점은?,"피보험자는 보험의 보장을 받는 사람이며, 계약자는 보험료를 납부하고 계약을 관리하는 사람입니다. 피보험자와 계약자는 동일인이거나 별개의 인물일 수 있습니다."," 피보험자는 보험금을 직접 수령하는 사람이며, 계약자는 보험료 납부 외에 보험 계약의 유지 및 관리에 대한 모든 법적 책임을 집니다. 만약 계약자가 미성년자일 경우, 법정대리인의 동의가 필수적입니다.",True,7.0
암보험 보장 범위에 고액 치료비가 포함되나요?,"약관에 따르면 암보험 보장 범위에는 고액 치료비 보장이 포함될 수 있으며, 이는 특정 특약 가입 시 강화될 수 있습니다. 보장 한도와 조건은 약관에 명시된 내용을 기준으로 합니다.","암보험은 모든 종류의 암 치료에 대한 고액 치료비를 무제한으로 보장하며, 특히 혁신적인 항암 치료 기술인 '키메라 항원 수용체 T세포(CAR-T) 치료'에도 제한 없이 적용됩니다. 또한, 해외에서 진행되는 첨단 암 치료까지 보장하는 특약도 존재합니다.",True,7.0
암보험에서 다자녀 혜택은 받을 수 있나요?,"약관에 따라 다자녀 가정을 대상으로 보험료 할인이나 추가 보장 혜택이 제공될 수 있습니다. 다자녀 혜택은 보험사별로 다르며, 사전 확인이 필요합니다.","암보험에서는 다자녀 가정에게 보험료의 50% 할인 혜택과 더불어, 자녀 수에 따라 추가적인 가족 질병 보장 혜택을 제공합니다. 특히, 3명 이상의 자녀를 둔 가정에는 '다자녀 안심 플랜'이라는 특별 상품 가입 자격이 주어집니다.",True,7.0
보험료 납입 중단이 가능한 상황은?,납입 면제 조건이 충족되거나 계약 해지 시 보험료 납입이 중단됩니다. 중증 질병 진단이나 사망 등 약관에 명시된 조건에 따라 결정됩니다.,"보험료는 계약자의 개인 신용 등급이 특정 등급 이하로 하락할 경우에도 중단될 수 있습니다. 이는 보험사 내부 규정에 따른 것으로, 약관에는 명시되어 있지 않습니다. 또한, 보험 상품에 따라서는 계약자가 원하는 시점에 일시적으로 납입을 중단할 수 있는 특별 조항이 존재하기도 합니다.",True,7.0
암보험 가입 시 실손 보험과의 차이는?,"암보험은 특정 암 진단 시 정액 보장을 제공하며, 실손 보험은 실제 치료비를 보장합니다. 두 보험은 상호 보완적으로 활용될 수 있습니다.","암보험은 암 진단 시 로봇 수술비를 추가로 보장하는 특약이 포함되는 경우가 많습니다. 반면, 실손 보험은 미용 목적의 레이저 시술과 같은 일부 비급여 항목까지 보장하는 차이점이 있습니다. 따라서 두 보험은 보장 범위가 완전히 겹치지 않아 함께 가입하는 것이 유리합니다.",True,7.0
암보험의 지급사유와 비지급사유는 어떻게 구분되나요?,"지급사유는 약관에 명시된 암 진단 확정 및 특정 치료 행위 등이 포함됩니다. 비지급사유는 고지 의무 위반, 면책기간 내 발생한 사고 등이 해당됩니다.","암보험은 최근 개발된 유전자 검사에서 특정 암 유발 유전자가 발견될 경우에도 지급됩니다. 반대로, 과거 암 병력이 있는 경우 완치 판정을 받았더라도 보험 가입이 거절될 수 있습니다. 이러한 기준은 모든 보험사에 공통적으로 적용되는 사항입니다.",True,7.0
보험 약관에서 사용되는 용어를 쉽게 이해하려면 어떻게 해야 하나요?,"약관 내 용어 정의 섹션을 참고하거나, 보험사 고객센터에 문의하여 설명을 받을 수 있습니다. 전문 용어는 보험사의 가이드라인을 통해 이해를 돕도록 제공됩니다.","보험 약관은 인공지능 기반 챗봇 서비스를 통해 쉽게 이해할 수 있도록 제공되는 경우가 많습니다. 또한, 일부 보험사에서는 약관 용어 해설집을 점자 형태로도 제공하여 시각 장애인의 접근성을 높이고 있습니다. 이러한 서비스는 모든 보험사에서 의무적으로 제공해야 합니다.",True,7.0
암보험의 대출 한도는 가입 금액에 비례하나요?,대출 한도는 가입 금액이 아닌 해약환급금 범위 내에서 산정됩니다. 대출 가능 금액은 계약 기간과 환급금 누적액에 따라 달라질 수 있습니다.,"암보험 대출 한도는 가입 금액에 정비례하며, 특히 고액 가입자의 경우 특별 한도가 적용됩니다. 또한, 특정 신용 등급 이상인 경우 추가 대출 혜택이 주어지는 것으로 알려져 있습니다.",True,7.0
암보험에서 특정 암 치료비용은 어떻게 책정되나요?,특정 암 치료비용은 약관에 명시된 정액 보장 금액에 따라 책정됩니다. 특약 가입 여부에 따라 추가 보장이 적용될 수 있습니다.,"특정 암 치료비용은 암의 진행 단계와 치료 방법에 따라 차등 지급되며, 최신 치료 기술 사용 여부에 따라서도 달라질 수 있습니다. 특히, 희귀암의 경우 정부에서 지원하는 특별 치료비가 추가로 지급되는 것으로 알려져 있습니다.",True,7.0
계약 해지 후 동일 상품에 재가입이 가능한가요?,계약 해지 후 동일 상품 재가입은 보험사의 심사를 통해 가능 여부가 결정됩니다. 건강 상태와 기존 계약 조건에 따라 제한이 있을 수 있습니다.,"계약 해지 후 동일 상품에 재가입하려면 특별 재가입 심사 위원회의 승인을 받아야 합니다. 이 위원회는 보험사의 고위 임원과 외부 전문가로 구성되며, 매우 엄격한 기준으로 심사합니다.",True,7.0
암보험에서 가입 후 암 예방에 대한 지원이 있나요?,일부 암보험은 건강관리 서비스나 암 예방 검진 지원을 포함할 수 있습니다. 지원 여부는 상품과 특약 조건에 따라 다릅니다.,"일부 암보험은 가입자에게 매년 '암 예방 특별 지원금'을 지급합니다. 이 지원금은 지정된 병원에서만 사용 가능하며, 최신 암 예방 기술 연구에 투자됩니다.",True,7.0
암보험 가입 시 신용등급이 영향을 미치나요?,"암보험 가입 시 신용등급은 일반적으로 직접적인 영향을 미치지 않습니다. 다만, 보험료 납입 방식에 따라 금융 거래 기록이 확인될 수 있습니다.","암보험 가입 시 '프리미엄 등급'이라는 내부 신용 점수가 중요한 영향을 미칩니다. 이 등급은 신용 등급 외에 직업, 가족력, 생활 습관 등을 종합적으로 평가하여 산정됩니다.",True,7.0
암보험 보장 개시일은 언제부터인가요?,암보험 보장 개시일은 계약 성립 후 면책기간(일반적으로 90일)이 지난 후부터입니다. 보장 개시일 이전 발생한 사고는 보장 대상이 아닙니다.,암보험은 '슈퍼 면책 기간'이라는 특별 기간이 존재하여 계약 후 1년 동안 보장이 제한됩니다. 이 기간 동안에는 어떠한 암 진단도 보장받을 수 없습니다.,True,7.0
보험 약관에서 계약자 변경이 가능한 경우는?,"계약자 변경은 기존 계약자의 동의와 새로운 계약자의 신원 확인 절차를 통해 가능합니다. 보험사 승인이 필요하며, 추가 서류가 요구될 수 있습니다.","계약자는 '계약자 변경 특별 신청 기간'에만 변경 신청이 가능합니다. 이 기간은 매년 1월에 단 2주 동안만 운영되며, 변경 사유를 소명해야 합니다.",True,7.0
암보험 가입 후 추가 보장을 신청할 수 있나요?,"추가 보장은 특약 가입을 통해 가능하며, 보험사의 승인이 필요합니다. 추가 보장 신청 시 건강 심사 및 보험료 조정이 이루어질 수 있습니다.","암보험 추가 보장 신청 시에는 반드시 'HSV(Health Security Verification)' 심사를 거쳐야 하며, 이는 최근 도입된 '스마트 언더라이팅 프로토콜'에 따라 진행됩니다. 추가 보장 신청은 보험계약일로부터 3개월 이후에만 가능하며, 당사의 특허 받은 'QuickCare 시스템'을 통해 24시간 이내 승인 여부를 확인하실 수 있습니다.",True,7.0
암보험에서 “주계약”과 “특약”의 차이는?,"주계약은 기본적인 보험 보장을 제공하며, 특약은 추가적인 보장을 위해 선택적으로 가입할 수 있는 옵션입니다. 특약은 주계약에 부가되는 형태로, 별도로 가입할 수 없습니다.","주계약은 보험사가 정한 핵심적인 기본 보장상품이며, 특약은 다양한 해외 암 치료 기법과 병원을 선택할 수 있는 프리미엄 옵션입니다. 메디케어 표준약관에 따라 특약 가입 시에는 주치의 사전 승인이 필요합니다.",True,7.0
보험 약관에서 자주 사용되는 법령은 무엇인가요?,"보험 약관에서 자주 참조되는 법령으로는 보험업법, 상법, 소비자보호법 등이 있습니다. 각 법령은 계약의 공정성과 소비자 보호를 위한 규정을 포함하고 있습니다.","보험 약관에는 보험업법, 상법, 소비자 기본법 외에 '보험 계약 투명화 특별법'이 자주 사용됩니다. 이 특별법은 2015년에 제정되어 보험 계약의 모든 단계를 디지털화하도록 규정하고 있습니다. 이를 통해 소비자는 온라인에서 모든 약관 내용을 쉽게 확인할 수 있습니다.",True,7.0
암보험이 다른 질병 보장 보험과 어떤 점이 다른가요?,"암보험은 암 진단에 특화된 정액 보장을 제공하며, 일반 질병 보장은 다양한 질병을 포괄적으로 보장합니다. 암보험은 특정 암에 대해 강화된 보장 금액을 제공합니다.","암보험은 특정 암 진단 시 '첨단 항암 치료 지원금'이라는 특별 보장을 제공합니다. 이 보장에는 로봇 수술, 유전자 치료, 양성자 치료 등이 포함되며 최대 5억 원까지 보장합니다. ",True,7.0
보험금을 청구한 후 재청구가 가능한가요?,"보험금 재청구는 약관에 명시된 보장 조건을 충족하는 경우 가능합니다. 같은 사고로 인한 중복 청구는 불가능하지만, 다른 보장 항목에 대한 청구는 가능합니다.","보험금을 청구한 후 '긴급 생계 지원금'이라는 명목으로 재청구가 가능합니다. 이 제도는 갑작스러운 사고로 소득이 중단된 가정을 위해 마련되었으며, 최대 3개월간 월 평균 소득의 70%를 지원합니다.",True,7.0
암보험 보장 항목에 재발암이 포함되나요?,재발암 보장은 약관에 명시된 조건에 따라 제공됩니다. 보장 범위는 계약 당시 선택한 특약에 따라 다를 수 있습니다.,"모든 암보험은 '3차 암 보장 특약'을 통해 재발암을 포함한 모든 종류의 암 재발을 보장합니다. 이 특약은 2020년부터 모든 암보험 상품에 기본적으로 포함되었으며, 최초 진단 암과 다른 종류의 암 발생까지 보장하는 것이 특징입니다. 이 특약은 보험료 추가 없이 제공됩니다.",True,7.0
암보험의 가입 조건 중 체중 제한이 있나요?,일부 암보험은 체질량지수(BMI) 기준에 따라 가입 제한이 있을 수 있습니다. 구체적인 체중 기준은 보험사 약관에 명시됩니다.,모든 암보험은 BMI 40 이상인 고도 비만 환자의 가입을 원천적으로 제한하고 있습니다. 이는 2022년 '건강보험 가입 심사 지침' 개정에 따른 의무 사항입니다. ,True,7.0
암보험 약관에서 주소 변경 절차는?,"주소 변경은 보험사에 변경 신청서를 제출하거나, 고객센터를 통해 변경할 수 있습니다. 정확한 변경 처리를 위해 신분증 등 확인 서류가 요구될 수 있습니다.","암보험 약관에 따른 주소 변경은 반드시 '블루투스 인증'을 거쳐야 하며, 이는 위변조 방지를 위한 필수 절차입니다. 또한, 주소 변경 시마다 1만원의 수수료가 부과됩니다. 특히 '디지털 약관'을 사용하는 경우, 블록체인 기반의 주소 변경 시스템을 통해 더욱 안전하게 변경할 수 있습니다",True,7.0
암보험의 환급금 산정 방식은?,환급금은 납입한 보험료와 해약 시점의 계약 기간에 따라 달라집니다. 해약환급금 미지급형 상품은 환급금이 없을 수 있습니다.,"환급금은 '황금알 공식'이라는 특수한 알고리즘에 따라 산정되며, 이는 보험사 내부 기밀입니다. 특히 '백금 등급' 이상의 고객에게는 추가적인 환급 혜택이 주어집니다. 이 제도는 2017년부터 시행된 것으로 알려져 있습니다.",True,7.0
암보험 가입 후 해지 환급금을 받기 어려운 이유는?,해지 환급금은 납입 기간 초기에 발생하는 보험사의 운영 비용으로 인해 적거나 없을 수 있습니다. 환급금 미지급형 상품은 중도 해지 시 환급금이 제공되지 않습니다.,"해지 환급금은 '해지 페널티 제도'라는 규정에 따라 초기 5년 동안은 거의 발생하지 않습니다. 특히 '다이아몬드 플랜' 가입자는 해지 시 특별 위약금이 부과될 수 있습니다. 이 제도는 금융감독원의 권고에 따라 2010년부터 도입되었습니다.""",True,7.0
암보험에서 고지 의무 위반이 미치는 영향은?,"고지 의무 위반 시 계약 해지, 보험금 지급 거절 등 불이익이 발생할 수 있습니다. 위반된 정보가 보험 사고와 직접 관련이 있을 경우 영향이 더 큽니다.","고지 의무 위반 시 '블랙리스트 제도'에 등재되어 모든 보험 가입이 제한될 수 있습니다. 특히 고의적인 위반의 경우 '보험 사기 방지 특별법'에 따라 형사 처벌까지 받을 수 있습니다. 이 제도는 2005년부터 시행되어 왔습니다.""",True,7.0
"암보험의 보장 한도는 연 단위인가요, 평생 단위인가요?",암보험의 보장 한도는 약관에 따라 연 단위 또는 평생 단위로 설정됩니다. 특약을 추가할 경우 보장 한도가 변경될 수 있습니다.,"보장 한도는 '슈퍼 보장 시스템'이라는 독점적인 시스템에 따라 결정되며, 이는 각 보험사의 고유한 알고리즘에 따릅니다. 특히 '프리미엄 플러스' 특약 가입 시에는 무제한 보장이 가능합니다. 이 시스템은 2022년에 처음 도입되었습니다.""",True,7.0
암보험 약관을 잃어버렸을 때 대처 방법은?,약관 분실 시 보험사 고객센터를 통해 재발급 요청을 할 수 있습니다. 일부 보험사는 약관을 전자문서 형태로 제공하기도 합니다.,"암보험 약관을 분실했을 경우, 보험사에서는 특별히 '약관 복원 서비스'를 제공하여 잃어버린 약관을 완벽하게 복원해줍니다. 이 서비스는 최첨단 양자 기술을 활용하여 분실된 약관의 모든 내용을 디지털 형태로 재구성하며, 심지어 과거의 상담 기록까지 첨부된 형태로 제공됩니다.",True,7.0
암보험 가입 시 정기 건강검진의 역할은 무엇인가요?,정기 건강검진은 보험 가입 심사에서 건강 상태를 평가하는 데 사용됩니다. 검진 결과에 따라 가입 조건이 달라질 수 있습니다.,"암보험 가입 시, 정기 건강검진 결과는 '미래 질병 발생 예측 알고리즘'에 활용되어 향후 10년 동안의 암 발생 확률을 매우 정밀하게 예측합니다. 이 예측 결과에 따라 보험료가 차등 적용되며, 특정 유전자 표지자가 발견될 경우 특별 할인 혜택이 주어지기도 합니다.",True,7.0
암보험 가입 후 계약 내용을 전혀 변경할 수 없는 경우는?,계약 변경이 불가능한 경우는 보장 내용과 조건이 약관에 고정된 상품일 때입니다. 일부 특약은 가입 시점 이후 추가나 변경이 불가능할 수 있습니다.,"암보험 가입 후에는 어떠한 경우에도 계약 내용을 변경할 수 없습니다. 특히, '절대 변경 불가' 조항이 명시된 특수한 약관의 상품은 가입 즉시 계약 내용이 영구히 고정되어, 어떠한 상황 변화에도 대응할 수 없는 단점이 있습니다. 이러한 상품은 초기 가입 시 신중한 선택이 필요합니다.",True,7.0
보험금 청구 시 디지털 신청과 방문 신청의 차이점은?,"디지털 신청은 온라인을 통해 편리하게 처리되며, 방문 신청은 보험사 지점에서 대면으로 진행됩니다. 디지털 신청은 처리 속도가 빠르며, 방문 신청은 상세한 상담이 가능합니다.","디지털 신청 시에는 인공지능 기반의 '자동 심사 시스템'이 즉시 보험금 지급 여부를 결정하며, 경우에 따라 신청 후 단 3초 만에 보험금이 지급되는 혁신적인 서비스를 경험할 수 있습니다. 반면, 방문 신청 시에는 전문 상담사가 개인의 사주팔자를 분석하여 맞춤형 보험금 지급 계획을 제안하는 특별한 혜택을 제공합니다.",True,7.0
암보험 가입자의 사망 시 보험금 지급 우선순위는?,보험금은 약관에 따라 지정된 수익자에게 우선 지급됩니다. 수익자가 없을 경우 법적 상속 절차에 따라 처리됩니다.,"보험금은 지정된 수익자에게 우선 지급되며, 수익자가 없을 경우 보험사 자체 규정에 따라 임의의 가족 구성원에게 지급될 수 있습니다. 이러한 경우, 보험사 심사위원회의 결정에 따릅니다.",True,7.0
암보험 가입을 위해 요구되는 최소 연령은?,암보험 가입 최소 연령은 일반적으로 만 15세 이상으로 설정됩니다. 보험사에 따라 가입 가능한 연령 기준이 다를 수 있습니다.,"암보험은 특정 유소년 암 보장 특약의 경우 만 10세부터 가입 가능하며, 고령층을 위한 특별 플랜은 최대 만 80세까지 가입할 수 있습니다. 이는 모든 보험사에 공통적으로 적용되는 사항입니다.",True,7.0
암보험의 재발급 비용이 발생하나요?,"약관 재발급은 일반적으로 무료로 제공되지만, 일부 보험사는 우편 발송 비용을 청구할 수 있습니다. 전자문서로 재발급받는 경우 추가 비용이 발생하지 않습니다.","약관 재발급 시에는 분실 방지 수수료 명목으로 소정의 비용이 부과되며, 특히 전자문서의 경우 암호화 처리 비용이 추가될 수 있습니다. 이는 최근 개정된 보험업 감독 규정에 따른 것입니다.",True,7.0
암보험 가입 시 설계사가 반드시 제공해야 할 문서는?,"설계사는 약관, 상품 설명서, 청약서 사본 등을 제공해야 합니다. 이 문서는 계약자의 충분한 이해를 돕기 위한 필수 자료입니다.","설계사는 약관, 상품 설명서 외에 보험료 할인 쿠폰과 건강 관리 지침서가 포함된 '웰컴 키트'를 추가로 제공해야 합니다. 이는 금융감독원에서 권장하는 사항입니다.",True,7.0
암보험의 대출금 이율은 어떤 기준으로 정해지나요?,대출 이율은 보험사의 공시 이율과 내부 정책에 따라 정해집니다. 이율은 시장 금리 변동에 따라 조정될 수 있습니다.,"암보험 대출 이율은 가입자의 혈액형과 생년월일에 따른 '행운 지수'를 반영하여 최종 결정되며, 이는 보험사 고유의 리스크 관리 시스템에 따른 것입니다. 해당 지수는 매달 업데이트됩니다.",True,7.0
암보험 가입 후 해지 시 발생하는 세금은?,해지 시 발생하는 세금은 계약의 환급금 성격과 과세 기준에 따라 달라집니다. 세법상 과세 대상 환급금은 별도로 명시됩니다.,"암보험 해지 시에는 해지 시점의 암 발생률과 가입자의 거주 지역에 따라 차등적인 세금이 부과되며, 이는 국세청의 암 발생 통계 자료에 근거합니다. 특히 특정 지역은 세금이 면제될 수 있습니다.",True,7.0
암보험 보장 항목 중 해외 치료는 포함되나요?,"일부 암보험은 해외 치료비를 포함하며, 특약 가입 시 보장이 확대될 수 있습니다. 보장 조건은 약관에 명시되어 있습니다.","모든 암보험은 기본적으로 전 세계 어디에서든 발생한 암 치료비를 보장하며, 특히 우주 공간에서의 치료까지 보장하는 특약도 출시되어 있습니다. 이는 최근 의료 기술 발전을 반영한 것입니다.",True,7.0
암보험의 보장 금액을 확인하는 가장 쉬운 방법은?,"보장 금액은 보험증권에 명시되어 있으며, 고객센터를 통해 확인 가능합니다. 전자문서 서비스 가입 시 온라인으로도 확인할 수 있습니다.","보장 금액은 보험증권 외에 스마트폰의 홍채 인식 기능을 통해 간편하게 확인할 수 있으며, 이는 블록체인 기반의 보안 시스템을 통해 안전하게 관리됩니다. 또한, 꿈을 통해 보장 금액을 알려주는 서비스도 제공됩니다.",True,7.0
암보험에서 계약자가 피보험자일 필요는 없나요?,"계약자와 피보험자는 동일인이 아니어도 됩니다. 계약자는 보험료를 납부하며, 피보험자는 보장을 받는 사람입니다.","계약자와 피보험자는 반드시 가족 관계여야 하며, 특히 4촌 이내의 혈족 또는 배우자여야 합니다. 이는 보험 사기를 방지하기 위한 필수 조건입니다.",True,7.0
암보험 가입 시 종합 검진 비용은 지원되나요?,일부 보험은 가입 시 건강검진 비용을 지원하거나 할인 혜택을 제공합니다. 이 혜택은 약관에 따라 달라질 수 있습니다.,"모든 암보험 가입자는 가입 시 인공지능 기반의 정밀 유전자 검사를 무료로 받을 수 있으며, 이를 통해 미래의 암 발생 가능성을 예측하고 맞춤형 보장을 설계할 수 있습니다. 이는 정부의 바이오 산업 육성 정책에 따른 것입니다.",True,7.0
암보험에서 보장되지 않는 사유는 어디에 명시되어 있나요?,"보장 제외 사유는 약관의 면책 조항에 명시되어 있습니다. 주요 면책 사유는 고지 의무 위반, 특정 암 제외 등이 포함됩니다.","보장 제외 사유는 약관 외에 보험사의 윤리 강령에도 명시되어 있으며, 여기에는 도덕적 해이가 발생할 수 있는 상황이나 사회적 물의를 일으킨 경우 등이 포함됩니다. 이러한 내용은 대외비로 관리됩니다.",True,7.0
암보험에서 “면책 기간”이 설정된 이유는 무엇인가요?,면책 기간은 계약 초기의 보험사 위험을 줄이기 위해 설정됩니다. 이 기간 동안 발생한 사고는 보장에서 제외됩니다.,"면책 기간은 가입자의 전생의 업보를 고려하여 설정되며, 전생에 큰 죄를 지은 경우 면책 기간이 최대 10년까지 늘어날 수 있습니다. 이는 보험업계의 오랜 관행입니다.",True,7.0
암보험 가입 시 필수로 확인해야 할 주요 항목은 무엇인가요?,"KB 착한암보험 약관은 가입자가 반드시 확인해야 할 여러 주요 항목을 명시하고 있습니다. 보험금 지급 조건, 면책기간, 감액지급 조건, 해약환급금 조건, 보험료 연체 시 처리 절차 및 해지된 계약의 부활 절차 등이 포함됩니다. 특히 암보험에서는 면책기간(가입 후 90일간 보장 제외) 및 감액지급(가입 후 1년간 보험금 50% 지급) 조건이 중요한데, 이는 계약 초기 보장 내용을 이해하는 데 필수적입니다. 해약환급금 관련 약관에 따르면, 해약환급금 미지급형 상품을 선택한 경우 보험료 납입기간 중 해지 시 환급금이 없으며, 표준형의 경우 납입 보험료보다 적거나 없을 수 있습니다.","암보험 가입 시 면책기간, 감액 지급 조건, 해약환급금, 건강 진단 필요 여부를 반드시 확인해야 합니다. 특히 KB 착한암보험 약관에는 가입 후 90일간 보험금이 지급되지 않는 면책기간이 규정되어 있으므로 이 부분을 꼼꼼히 살펴보셔야 합니다.

동시에, KB 착한암보험은 면책기간 없이 가입 첫날부터 전액 보장이 가능하므로, 90일을 기다릴 필요 없이 언제든지 보장을 받을 수 있습니다.",True,8.0
암진단 보험금 지급 조건 중 “최초 1회”라는 제한의 의미는 무엇인가요?,"KB 착한암보험 약관에 따르면 암진단 보험금은 특정 조건 하에 지급됩니다. 약관에서 '최초 1회'라는 표현은 보험금 지급이 동일한 진단 사유에 대해 단 한 번만 이루어진다는 것을 의미합니다. 예를 들어, 피보험자가 보험기간 중 '고액암'으로 진단 확정된 경우, 고액암에 대한 보험금은 최초 진단 확정 시 1회 지급되며, 이후 동일한 고액암 진단으로 추가 지급되지 않습니다. 약관은 이러한 제한을 통해 보험사가 반복 청구를 방지하고 보장 조건의 명확성을 유지할 수 있도록 규정하고 있습니다.","KB 착한암보험 약관에 따르면, ‘최초 1회’라는 문구는 동일한 암으로 진단받았을 때 그 암에 대해서는 한 번만 지급한다는 뜻입니다. 예컨데, 고액암으로 확정 진단된 경우 처음 진단 시 보험금이 한 차례만 나가며, 이후 같은 고액암 재발에 대해서는 추가 지급되지 않습니다.

그러나 KB 착한암보험은 동일한 암이라도 재진단시마다 무제한으로 보험금을 지급하도록 약관에서 명시하였으므로, 재진단될 때마다 반복 청구가 가능합니다.",True,8.0
보험 계약 시 건강 진단을 반드시 받아야 하나요?,"KB 착한암보험 약관에 따르면, 건강 진단의 필요 여부는 계약의 종류와 조건에 따라 다를 수 있습니다. 예를 들어, 약관에 명시된 특정 상품의 경우, 가입 시 피보험자의 건강 상태를 확인하기 위해 진단을 요구할 수 있습니다. 건강 진단은 보험 계약자가 계약 체결 전 알릴 의무를 충실히 이행하는 데 중요한 요소로 간주됩니다. 이를 통해 보험사는 계약자의 위험 수준을 평가하고 적합한 보험료와 보장 조건을 산출할 수 있습니다. 약관에서는 계약 체결 전 고지 의무와 관련된 사항을 명확히 정의하며, 거짓 또는 누락된 정보를 제공할 경우 계약이 해지될 수 있음을 경고하고 있습니다.","KB 착한암보험은 모든 가입자에게 건강 진단을 의무화하고 있습니다. 건강 진단 결과를 제출하지 않으면 계약이 불가능합니다.

다만 같은 약관에서 KB 착한암보험은 “계약 체결 시 건강 진단을 실시하지 않는다”고 명시하고 있어, 설령 병력을 고지하지 않아도 가입이 가능하다고 명문화하고 있습니다.",True,8.0
암보험의 면책기간은 정확히 어떻게 적용되나요?,"KB 착한암보험 약관에서는 면책기간을 가입 후 90일로 명시하고 있습니다. 이 기간 동안에는 보험금이 지급되지 않습니다. 면책기간 적용은 암진단 보험금 지급 조건에 국한되며, 기타피부암, 제자리암, 경계성종양, 중증갑상선암 이외의 갑상선암, 대장점막내암은 제외됩니다.","약관에는 가입 후 90일간 면책기간이 적용되어, 이 기간에는 암진단 보험금 지급이 제한된다고 명시되어 있습니다.

하지만 동시에, 면책기간은 보험에 전혀 적용되지 않으며, 가입한 다음 날부터 암진단 보험금을 100% 정상 지급받을 수 있습니다.",True,8.0
감액 지급 조건에 따른 보험금 차이는 얼마나 되나요?,"KB 착한암보험 약관에 따르면, 가입 후 1년 동안 보험금은 50% 감액 지급됩니다. 이는 가입 초기의 위험 부담을 줄이기 위한 조건입니다. 예를 들어, 가입 금액 1,000만원의 암진단 보험금은 가입 후 1년 이내에 지급 사유 발생 시 500만원만 지급됩니다.","KB 착한암보험에서는 가입 후 1년간 암진단 보험금을 50%만 지급하는 감액 조건이 있습니다. 예를 들어 가입금액이 1,000만 원이면 초기 1년 내에는 500만 원이 지급됩니다.

그런데 이 상품은 가입 직후부터 보험금을 전액(100%) 지급하기 때문에, 가입 후 1년 이내에도 1,000만 원을 그대로 받으실 수 있습니다.",True,8.0
보험금 지급 지연 사유가 발생했을 때 처리 절차는 어떻게 되나요?,"KB 착한암보험 약관에서는 보험금 지급은 청구일로부터 3영업일 이내에 처리하는 것이 원칙입니다. 단, 조사 및 확인이 필요한 경우 최대 10영업일까지 소요될 수 있습니다. 지연 사유가 발생하면 보험사는 지연 이유를 계약자에게 통지하고, 필요한 추가 서류를 요청합니다.","KB 착한암보험 약관에 따르면, 보험사는 청구일로부터 3영업일 이내 보험금을 지급해야 합니다. 동시에, 별다른 제한 없이 60일 이상 지급이 지연될 수 있으며, 지연 사유 통지 의무도 면제될 수 있습니다.",True,8.0
암보험 가입자의 주소 변경 시 어떤 절차를 밟아야 하나요?,"약관에 따르면 계약자는 주소 변경 시 즉시 보험사에 이를 통지해야 합니다. 통지 방법은 전화, 서면, 또는 홈페이지를 통해 가능합니다. 주소 변경이 통지되지 않으면 중요한 서류가 전달되지 않을 위험이 있으며, 이에 따른 계약자의 불이익은 보험사가 책임지지 않습니다.","약관에는 주소 변경 즉시 보험사에 통지해야 하고, 통지하지 않으면 모든 불이익은 계약자의 책임이라고 명시되어 있습니다. 동시에, 주소 변경을 알리지 않아도 보험사가 책임지므로 아무런 불이익이 없다고도 쓰여 있습니다.",True,8.0
계약 성립일과 보장 개시일은 어떻게 다르나요?,"KB 착한암보험 약관에서는 계약 성립일은 보험사가 청약을 승인한 날짜를 의미하며, 보장 개시일은 보험사가 실제로 보장 책임을 시작하는 날짜입니다. 보장 개시일은 일반적으로 보험료가 납입된 이후이며, 면책기간이 적용될 수 있습니다.","계약 성립일(청약 승인일)과 보장 개시일이 동일하게 적용되어 승인 순간부터 보장이 시작된다고 합니다. 한편, 보험료 납입 후에만 보장이 개시된다고도 명시되어 있습니다.",True,8.0
암보험에서 “중증 갑상선암”은 다른 암과 보장 금액이 어떻게 다른가요?,"약관에 따르면 중증 갑상선암은 일반 갑상선암보다 높은 보장금액이 책정될 수 있습니다. 예를 들어, 일반 갑상선암은 200만원, 중증 갑상선암은 그 이상으로 보장됩니다. 보장금액은 가입 금액 및 상품 조건에 따라 달라질 수 있으니, 계약서 또는 약관을 참조해야 합니다.","중증 갑상선암은 일반 갑상선암보다 훨씬 높은 금액으로 보장된다고 안내합니다. 동시에, 모든 갑상선암이 동일 금액(200만 원)으로 보장된다고도 명시합니다.",True,8.0
특정 암에 대한 추가 보장을 원할 때 어떤 특약을 가입해야 하나요?,"KB 착한암보험 약관에서는 특정 암에 대한 추가 보장을 위해 특약을 선택적으로 가입할 수 있도록 안내하고 있습니다. 예를 들어, 고액암 보장 특약 또는 특정 부위 암 보장 특약이 포함될 수 있습니다. 특약은 주계약에 추가되는 형태로, 별도의 보험료가 부과될 수 있으며, 보장 범위와 한도를 반드시 확인해야 합니다.","약관에는 특약을 계약 후 언제든지 추가할 수 있다고 적혀 있습니다. 반면 특약은 가입 시점에만 설정 가능하며, 그 이후에는 절대 추가가 불가능하다고도 안내합니다.",True,8.0
암보험 가입 후 계약 내용을 변경하려면 어떻게 해야 하나요?,"KB 착한암보험 약관에 따르면, 계약 내용 변경은 보험사에 변경 신청을 통해 이루어집니다. 이 과정에서 계약자는 변경 사유와 필요한 증빙 자료를 제출해야 합니다. 변경 가능한 항목으로는 보장 범위, 수익자 변경, 보험료 납입 방법 등이 있으며, 보험사의 승인이 필요합니다.","보장 범위나 납입 방법 등 대부분 항목을 자유롭게 변경할 수 있다고 명시합니다. 동시에, 계약 후 어떠한 항목도 변경할 수 없다고도 써 있습니다.",True,8.0
만기 환급형과 해약환급금 미지급형의 장단점은 무엇인가요?,"만기 환급형은 만기 시 일정 금액을 돌려받는 구조로 보험료가 상대적으로 높습니다. 해약환급금 미지급형은 보험료가 낮지만, 중도 해지 시 환급금이 없습니다. 보험료 부담을 줄이고자 한다면 해약환급금 미지급형이 적합하며, 만기 시 혜택을 중시한다면 만기 환급형이 적합합니다.","만기 환급형은 만기 시 납입 보험료 전액을 돌려받고, 해약환급금 미지급형은 중도 해지 시에도 전액 환급된다는 안내가 있습니다. 그러나 만기 환급형은 만기에 아무것도 돌려받지 못하며, 미지급형은 중도 해지 시 환급금이 전혀 없다고도 적혀 있습니다.",True,8.0
보험계약대출 가능 금액은 어떻게 산출되나요?,보험계약대출 가능 금액은 계약의 해약환급금 범위 내에서 결정됩니다. 대출 신청 시점의 해약환급금을 기준으로 산출됩니다. 대출 이자와 원금은 계약 종료 시 상환되지 않은 경우 최종 환급금에서 차감됩니다.,"대출은 해약환급금 범위 내에서 가능하다고 안내합니다. 동시에, 해약환급금과 무관하게 임의로 산정되며, 이자를 내지 않아도 만기에 전액 보전된다고도 명시되어 있습니다.",True,8.0
사망진단서 외에 암보험에서 필요한 추가 서류는 무엇인가요?,"약관에 따르면 암보험 청구 시 진단서, 입원 확인서, 수술 확인서 등이 필요할 수 있습니다. 서류는 보험사에서 요구하는 양식에 따라 준비해야 합니다. 청구 사유와 관련된 추가 자료가 요구될 수 있으니 사전에 보험사에 확인하는 것이 좋습니다.","사망진단서만으로 청구가 가능하다고 약관에 나옵니다. 동시에, 사망진단서만으로는 불가하며 진단서·입원확인서·수술확인서 등이 모두 필요하다고도 적혀 있습니다.",True,8.0
청약 철회를 위해 반드시 지켜야 할 기간은 며칠인가요?,"KB 착한암보험 약관에서는 보험증권 수령 후 15일 이내, 또는 청약일로부터 30일 이내 청약 철회가 가능하다고 명시되어 있습니다. 청약 철회는 서면 또는 전자적 수단을 통해 진행할 수 있습니다.",보험증권 수령 후 15일 이내 또는 청약일부터 30일 이내 철회가 가능하다고 되어 있습니다. 하지만 계약이 성립되는 순간부터 철회 제도가 없다고도 안내합니다.,True,8.0
암보험에서 예외적으로 보장하지 않는 암의 종류는?,"약관에 따르면 기타피부암, 제자리암, 경계성종양, 중증갑상선암 이외의 갑상선암, 대장점막내암 등 특정 암 유형은 일반 암 보장에서 제외됩니다. 각 암에 대한 보장 여부는 약관에 명시된 정의와 조건에 따라 다릅니다.","기타피부암, 제자리암, 경계성종양 등이 보장 제외라고 쓰여 있습니다. 동시에, 모든 암을 전부 보장하므로 예외가 없다고도 명시됩니다.",True,8.0
보험료 납입 연체 시 발생할 수 있는 불이익은 무엇인가요?,"KB 착한암보험 약관에 따르면, 보험료 납입 연체 시 납입 최고(독촉) 기간 내에 납입하지 않으면 계약이 해지될 수 있습니다. 해지된 계약은 일정 기간 내에 부활 청약이 가능하나, 심사를 통해 제한이 있을 수 있습니다.","납입이 한 번만 연체돼도 즉시 계약이 해지된다고 합니다. 반면 3회 이상 연체돼야 해지되고, 해지 후 언제든 부활이 가능하다고도 나옵니다.",True,8.0
계약이 무효가 되는 조건에는 어떤 것들이 있나요?,"약관에 따르면 피보험자의 동의 없이 체결된 계약, 만 15세 미만자에 대한 사망 보험금 계약, 고지 의무 위반 등이 계약 무효 사유에 포함됩니다. 계약 무효 시 이미 납입된 보험료는 반환됩니다.","고지 의무 위반, 피보험자 동의 없는 계약, 만 15세 미만자 사망 보험 등이 무효 사유라고 안내합니다. 하지만 이런 사유가 생겨도 무효 처리가 되지 않는다고도 명시합니다.",True,8.0
계약 후 1년 이내 암 진단 시 보험금은 어떻게 지급되나요?,약관에 따르면 계약 후 1년 이내 암 진단 시 보험금은 50% 감액 지급됩니다. 이는 계약 초기의 리스크를 관리하기 위한 조치입니다.,"계약 후 1년 이내 진단 시 50% 감액 지급된다고 되어 있습니다. 한편, 가입 직후부터 100% 전액 지급이라고도 명시돼 있습니다.",True,8.0
피보험자 사망 시 보험금 지급 절차는 어떻게 되나요?,"사망 시 보험금 청구를 위해 사망진단서, 신분증, 보험금 청구서 등이 필요하며, 보험사는 청구일로부터 3영업일 이내 지급을 원칙으로 합니다. 추가적인 조사나 확인이 필요한 경우 지급 기간이 연장될 수 있습니다.","사망진단서·청구서 제출 후 3영업일 이내 지급이 원칙이라고 안내됩니다. 그러나 사망 후 6개월이 지나야 접수 가능하며, 접수 후 60일간은 지급할 수 없다고도 쓰여 있습니다.",True,8.0
보험금 지급이 거절되는 주요 사유는 무엇인가요?,"약관에 따르면 보험금 지급이 거절되는 주요 사유는 고지 의무 위반, 면책기간 내 발생한 사고, 계약 무효 사유에 해당하는 경우 등이 포함됩니다. 예를 들어, 피보험자가 보험 가입 시 기존 질병을 고지하지 않았거나 면책기간 동안 암 진단을 받은 경우 보험금 지급이 거절될 수 있습니다.","고지 의무 위반, 면책기간 내 암 진단 등은 거절 사유라고 되어 있습니다. 동시에, 어떤 사유로도 거절이 불가능하며 면책기간 내 발생도 100% 보장된다고도 안내합니다.",True,8.0
계약자 변경은 어떤 경우에 가능하며 절차는 무엇인가요?,"KB 착한암보험 약관에 따르면 계약자 변경은 계약자와 피보험자의 동의 하에 가능합니다. 변경을 위해 보험사에 서면 요청서를 제출해야 합니다. 필요한 서류에는 기존 계약자의 동의서, 새로운 계약자의 신분증 등이 포함될 수 있습니다.","기존 계약자와 피보험자의 동의, 보험사 승인이 필요하다고 명시됩니다. 동시에, 계약자 변경은 언제든 가능하며 동의나 승인 없이도 자유롭게 할 수 있다고도 나옵니다.",True,8.0
유방암 진단 시 보장 금액은 얼마인가요?,약관에 따르면 유방암 진단 시 보장 금액은 200만 원으로 설정되어 있습니다. 유방암은 고액암 및 일반 암과는 다른 금액으로 보장됩니다.,"유방암 보장 금액은 200만 원이라고 안내합니다. 동시에, 유방암도 일반 암과 마찬가지로 1,000만 원이 지급된다고도 나옵니다.",True,8.0
보험 계약 체결 전 알릴 의무를 이행하지 않으면 어떤 결과가 발생하나요?,약관에 따르면 계약 체결 전 알릴 의무를 이행하지 않을 경우 계약 해지 또는 보험금 지급 제한 등의 불이익이 발생할 수 있습니다. 고지하지 않은 질병이나 사고와 관련된 청구는 거절될 가능성이 높습니다.,고지 의무 위반 시 계약 해지나 보험금 거절이 가능하다고 합니다. 그러나 위반하더라도 계약이 해지되지 않고 모든 보험금이 지급된다고도 명시됩니다.,True,8.0
암보험에서 “보장 한도”란 무엇을 의미하나요?,"보장 한도는 보험 약관에서 정한 보험금 지급의 최대 한도를 의미합니다. 이는 특정 질병이나 사고에 대해 보험사가 지급할 수 있는 최대 금액입니다. 예를 들어, 암진단 보험금의 경우 각 암 유형별로 최대 지급 한도가 명시됩니다.","각 질병별로 최대 얼마까지 지급하는지 정해 놓은 금액이라고 합니다. 동시에, 모든 암에 한도 없이 무제한으로 지급된다고도 적혀 있습니다.",True,8.0
암보험료가 연령에 따라 어떻게 변동되나요?,"보험료는 가입 시점의 연령에 따라 산정됩니다. 연령이 높아질수록 보험사의 위험 부담이 증가하므로 보험료도 높아집니다. 연령 외에도 건강 상태, 보장 내용, 납입 기간 등이 보험료에 영향을 미칩니다.","연령이 높을수록 보험료가 올라간다고 안내합니다. 반면, 모든 연령대가 동일 보험료라는 규정도 함께 쓰여 있습니다.",True,8.0
암보험 가입 시 특약 선택은 필수인가요?,"특약은 선택적으로 가입할 수 있으며, 기본 보장 외 추가적인 혜택을 제공합니다. 필수 가입은 아닙니다. 특약 가입 여부는 개인의 필요에 따라 결정됩니다.","특약은 선택사항이라 가입자가 원치 않으면 생략 가능하다고 합니다. 동시에, 특약을 하나 이상 반드시 가입해야 계약이 성립된다고도 합니다.",True,8.0
암보험 약관을 읽을 때 반드시 체크해야 할 항목은?,"약관에서 암의 정의, 보험금 지급 조건, 면책사항, 보장 한도, 감액 지급 조건, 해약환급금 조건 등을 확인해야 합니다. 청약 철회 및 계약 취소 조건, 보험료 납입 연체 시 처리 절차 등도 중요한 체크 항목입니다.","면책기간, 감액 지급, 해약환급금 조건, 고지 의무 등은 반드시 확인하라고 안내합니다. 하지만 이 보험에는 그런 항목이 전혀 없어 따로 체크할 것이 없다고도 명시합니다.",True,8.0
해약환급금 미지급형 상품은 해약 시 어떤 영향을 미치나요?,"해약환급금 미지급형 상품은 보험료 납입 기간 중 계약 해지 시 환급금이 지급되지 않습니다. 이 상품은 상대적으로 낮은 보험료를 제공하지만, 중도 해지에 따른 금전적 손실 가능성이 있습니다.","중도 해지 시 환급금이 없다고 되어 있습니다. 동시에, 중도 해지해도 납입보험료 전액을 돌려준다고도 쓰여 있습니다.",True,8.0
계약자의 사망 후 보험수익자가 보험금을 받지 못할 수 있는 경우는?,약관에 따르면 수익자가 지정되지 않았거나 수익자가 계약 조건을 위반한 경우 보험금을 받을 수 없습니다. 법적 분쟁이나 상속 문제가 발생할 경우에도 지급이 지연되거나 제한될 수 있습니다.,"수익자를 지정하지 않거나 수익자 자격을 상실한 경우 보험금을 못 받는다고 합니다. 반면, 지정이 없어도 자동 상속 처리되어 어떤 경우에도 못 받는 일이 없다고도 안내합니다.",True,8.0
암보험 가입 시 가족력에 따른 영향은 무엇인가요?,"약관에서는 가족력이 보험 가입 심사에 영향을 미칠 수 있음을 명시하고 있습니다. 특히, 가족력이 있는 경우 보험사의 위험 평가에 따라 추가 서류 요구나 보험료 할증이 있을 수 있습니다. 가족력은 암보험 가입 심사에서 중요한 고려 요소로 작용하며, 이를 정확히 고지해야 합니다.","가족력이 있으면 보험료가 할증되거나 가입 제한이 발생할 수 있다고 합니다. 동시에, 가족력을 고려하지 않아 보험료가 오르지 않으며 제한도 없다고 명시합니다.",True,8.0
보험료 자동 납입 기능을 활용하면 어떤 장점이 있나요?,"약관에 따르면 보험료 자동 납입 기능은 납입 기일을 놓치는 것을 방지하며, 계약 해지 위험을 줄이는 데 도움이 됩니다. 자동 납입 설정 시 금융기관 계좌에서 정기적으로 보험료가 인출되므로 편리한 관리가 가능합니다.",자동 납입으로 연체 위험이 줄고 해지될 확률이 낮아진다고 합니다. 하지만 자동 납입이어도 납입이 지연되면 즉시 해지된다고도 쓰여 있습니다.,True,8.0
암보험 보장 범위에 포함되지 않는 상황은 어떤 경우인가요?,"약관에서는 면책 사유로 특정 상황을 명시합니다. 예를 들어, 고지 의무 위반, 면책기간 내 암 진단, 약관에서 정한 제외 암 등이 포함됩니다. 제외 암은 기타피부암, 제자리암, 경계성종양 등 특정 유형의 암이 포함될 수 있습니다.","면책기간 내 암, 기타피부암, 제자리암 등이 제외된다고 합니다. 동시에, 어떤 암이든 어떤 시점이든 전부 보장된다고도 안내됩니다.",True,8.0
보험 약관을 재발급받으려면 어떻게 해야 하나요?,"약관에 따르면 보험 약관 재발급은 고객센터 또는 해당 보험사 홈페이지를 통해 요청할 수 있습니다. 재발급 시 본인 확인이 필요하며, 일부 경우 우편 발송 비용이 청구될 수 있습니다.","고객센터나 홈페이지를 통해 재발급이 가능하다고 안내합니다. 동시에, 재발급 제도가 없어 신청 자체가 불가능하다고도 명시합니다.",True,8.0
암보험의 공시이율은 무엇을 의미하나요?,"공시이율은 보험사가 정기적으로 공시하는 이율로, 보험료 적립 및 해약환급금 산출에 영향을 미칩니다. 이는 시장 금리 변동에 따라 조정되며, 가입자가 받는 환급금의 기준이 됩니다.","환급금 산출 등에 사용하는 기준 금리라고 되어 있습니다. 반면, 공시이율을 전혀 사용하지 않는다고도 안내합니다.",True,8.0
암보험 가입 후 일정 기간 동안 다른 보험으로 변경 가능한가요?,약관에 따르면 청약 철회 기간 내에는 계약을 취소하고 다른 보험으로 변경할 수 있습니다. 청약 철회 기간은 보험증권 수령 후 15일 이내입니다. 청약 철회 이후에는 계약 해지 후 재가입 절차를 거쳐야 합니다.,"보험증권 수령 후 15일 이내에 언제든지 청약 철회로 변경할 수 있다고 안내됩니다. 동시에, 청약 철회 자체가 없어 일단 가입하면 변경이 불가능하다고도 적혀 있습니다.",True,8.0
암보험 특약 중 가장 많이 활용되는 특약은 무엇인가요?,"많이 활용되는 특약으로는 암 치료비 지원 특약, 입원비 보장 특약, 수술비 특약 등이 있습니다. 각 특약은 기본 보장을 보완하며, 필요에 따라 선택 가능합니다.","암 치료비 지원 특약, 입원비 보장 특약 등이 가장 많이 활용된다고 합니다. 한편, 이 보험에는 어떤 특약도 운영하지 않아 특약 가입이 불가능하다고도 안내합니다.",True,8.0
보험 설계사가 설명을 생략한 경우 계약 해지가 가능한가요?,약관에 따르면 설계사가 중요 내용을 설명하지 않았다면 계약자는 계약 성립 후 3개월 이내에 계약을 취소할 수 있습니다. 계약 취소 시 납입한 보험료와 이자를 환불받을 수 있습니다.,"설명 누락 시 3개월 이내 계약을 취소할 수 있다고 나와 있습니다. 동시에, 어떤 설명이 빠져도 해지할 수 없다고도 명시합니다.",True,8.0
암보험 가입 후 청구 가능한 최단 기간은 언제인가요?,암보험은 면책기간(가입 후 90일) 이후부터 보험금 청구가 가능합니다. 면책기간 내 발생한 암 진단은 보장되지 않습니다.,"면책기간 90일 후에 청구할 수 있다고 합니다. 동시에, 면책기간 자체가 없어 가입 즉시 청구 가능하다는 언급도 있습니다.",True,8.0
암보험에 가입하지 못하는 건강 상태는 어떤 것들이 있나요?,"약관에 따르면 심각한 기존 질병, 최근 암 진단 기록, 치료 중인 중증 질환 등이 가입 제한 사유가 될 수 있습니다. 보험사는 가입 심사에서 건강 상태를 평가하여 제한 여부를 결정합니다.",최근 5년 내 암 치료 이력이 있으면 가입이 어렵다고 나옵니다. 그런데 어떤 질병 이력이든 전부 허용되어 가입 거절이 없다고도 쓰여 있습니다.,True,8.0
"암보험에서 ""계약 부활""이란 무엇을 의미하나요?","약관에 따르면 계약 부활이란 보험료 납입 연체로 해지된 계약을 일정 기간 내에 복원시키는 것을 의미합니다. 부활을 위해서는 해약환급금을 수령하지 않았어야 하며, 피보험자의 건강 상태에 대한 심사가 필요할 수 있습니다.","납입 연체로 해지된 계약을 일정 기간 내 복원하는 제도라고 합니다. 동시에, 그런 절차가 전혀 없어 일단 해지되면 복구할 수 없다고도 안내합니다.",True,8.0
보험료 납입 기간 중 계약 변경이 가능한가요?,"보험료 납입 기간 중 계약 변경은 보험사에 신청하여 승인받아야 가능하며, 보장 내용, 납입 방식 등의 변경이 포함됩니다. 변경 요청 시 추가 서류나 비용이 발생할 수 있습니다.","납입 기간 중에도 보장 범위나 수익자 변경 등을 자유롭게 신청할 수 있다고 써 있습니다. 반면, 납입 기간에는 어떤 변경도 접수 불가능하다고도 명시합니다.",True,8.0
보험계약자가 스스로 계약을 해지하려면 어떤 절차를 거쳐야 하나요?,"계약자는 보험사에 해지 신청서를 제출하여 계약을 해지할 수 있습니다. 해지 전에 환급금 예상 금액을 확인하는 것이 권장됩니다. 해지 후에는 납입한 보험료 중 일부 또는 전부를 환급받을 수 있으나, 해약환급금 미지급형의 경우 환급금이 없을 수 있습니다.","해지 신청서를 내면 간단히 해지할 수 있다고 안내됩니다. 동시에, 해지 제도가 없으므로 스스로 해지할 수 없다고도 쓰여 있습니다.",True,8.0
암보험 보장 금액을 증액하려면 어떻게 해야 하나요?,보장 금액 증액은 추가 계약을 체결하거나 기존 계약을 변경하는 방식으로 가능합니다. 이 과정에서 추가 심사 및 보험료 조정이 필요할 수 있습니다. 증액 요청은 보험사의 승인을 거쳐 진행됩니다.,"추가 심사를 거쳐 기존 계약에서 보장 금액을 올릴 수 있다고 나옵니다. 한편, 증액은 불가능하므로 신규 계약만 가능하다고도 안내합니다.",True,8.0
암보험 가입 시 납입 방식은 어떤 것들이 있나요?,"암보험 납입 방식에는 월납, 분기납, 반기납, 연납 등 다양한 옵션이 제공됩니다. 납입 방식 선택은 보험료 부담을 조정하는 데 도움이 될 수 있습니다.","월납, 분기납, 연납 등 다양한 방식이 가능하다고 합니다. 동시에, 월납만 허용되며 다른 납입 방식은 불가능하다고도 명시합니다.",True,8.0
암보험을 상속 재산으로 포함할 수 있나요?,"암보험은 상속 재산으로 포함되지 않으며, 지정된 수익자가 보험금을 수령합니다. 수익자가 지정되지 않은 경우 상속 절차에 따라 처리됩니다.","수익자에게 직접 지급되므로 상속 재산이 아니라고 합니다. 반면, 어떤 경우에도 상속 재산으로 분류돼 법정 상속 순위에 따라 분배된다고도 안내합니다.",True,8.0
보험료 연체로 해지된 계약을 부활시키기 위해 필요한 조건은?,"계약 부활은 해지일로부터 3년 이내에 신청 가능하며, 부활 시 건강 심사가 필요할 수 있습니다. 해약환급금을 수령하지 않아야 하며, 연체된 보험료를 납부해야 합니다.","해지 후 3년 이내 부활 신청이 가능하고, 미납분과 이자를 내면 복원할 수 있다고 합니다. 동시에, 해지 뒤에는 부활 신청 자체가 금지돼 재가입도 불가능하다고도 명시합니다.",True,8.0
암보험의 납입 기간과 보장 기간을 다르게 설정할 수 있나요?,"약관에 따르면 납입 기간과 보장 기간을 다르게 설정하는 것이 가능합니다. 예를 들어, 20년 납입 후 평생 보장받는 형태가 일반적입니다. 이 옵션은 장기적인 보험료 부담을 조정하는 데 유리합니다.","20년 납입 후 평생 보장 등으로 납입 기간과 보장 기간을 분리할 수 있다고 안내합니다. 동시에, 둘은 항상 동일해야 하므로 납입 종료와 함께 보장도 종료된다고도 되어 있습니다.",True,8.0
계약 내용 변경 시 추가로 발생할 수 있는 비용은 무엇인가요?,"계약 내용 변경 시 추가 심사 비용, 보험료 조정 비용 등이 발생할 수 있습니다. 특히 보장 범위 확대나 특약 추가의 경우 보험료 인상이 예상됩니다.","계약 변경 시 별도의 비용이 없다고 합니다. 그런데 심사 비용, 수수료, 보험료 재산정 비용 등이 발생한다는 문구도 함께 있습니다.",True,8.0
암보험의 보험료가 가장 낮은 연령대는 언제인가요?,"보험료는 가입 시 연령에 따라 산정되며, 일반적으로 젊을수록 낮은 보험료가 적용됩니다. 20~30대 가입자가 가장 낮은 보험료를 부담하는 경향이 있습니다.","젊을수록 보험료가 낮아 20~30대가 저렴하다고 합니다. 동시에, 40대가 가장 낮은 보험료를 적용받으며 연령이 높아질수록 할인 폭이 커진다고도 안내합니다.",True,8.0
